标题,摘要,发布时间,链接
A股三大指数收跌 消费板块领跌 采掘行业逆市大涨,沪指跌0.25%，深证成指跌0.33%，创业板指跌0.73%。成交额超2.1万亿，采掘、能源金属、电池、珠宝首饰、化学原料涨幅居前，商业百货、酿酒、旅游酒店、航天航空跌幅居前。,2026-02-06 15:00:54,https://finance.eastmoney.com/a/202602063644045394.html
国内商品期货收盘 主力合约大面积飘绿,国内商品期货收盘，主力合约大面积飘绿。跌幅方面，沪银跌近15%，铂跌近8%，钯跌超6%，沪锡跌近6%，烧碱跌超4%，焦煤跌超3%，欧线集运跌近3%，原木、碳酸锂、焦炭、沪镍、工业硅等跌超2%，多晶硅、玻璃、纯碱、纯苯跌近2%，苯乙烯、沪铝、红枣、铁矿石、铸造铝等跌超1%；涨幅方面，LPG、氧化铝、燃油涨超1%，沥青、淀粉、低硫燃油、原油、玉米等小幅上涨。,2026-02-06 15:00:38,https://finance.eastmoney.com/a/202602063644045451.html
中国移动旗下基金等入股舞肌科技,【中国移动旗下基金等入股舞肌科技】天眼查App显示，近日，上海舞肌科技有限公司发生工商变更，新增中国移动旗下上海中移数字转型产业私募基金合伙企业（有限合伙）、AlphaistPartnersLimited等为股东，同时，注册资本由约180.3万人民币增至约204.2万人民币。公开资料显示，该公司专注于机器人电机技术研发及电子科技领域的技术服务。,2026-02-06 14:57:10,https://finance.eastmoney.com/a/202602063644044938.html
深市规模最大的光伏ETF标的指数涨超2%，机构：白银价格高位回落有助于缓解电池片环节的成本压力,【深市规模最大的光伏ETF标的指数涨超2%，机构：白银价格高位回落有助于缓解电池片环节的成本压力】盘面上，两市低开高走，光伏板块上涨。相关ETF方面，光伏ETF（159857）标的指数盘中涨超2%，成交额达2.68亿元。成分股中，协鑫集成涨停，拉普拉斯、奥特维、晶科能源、罗博特科涨超5%，南网能源、中信博、迈为股份等多股跟涨。,2026-02-06 14:52:57,https://finance.eastmoney.com/a/202602063644045182.html
放着便宜俄油不买？印度信实据悉已进口200万桶委内瑞拉石油,【放着便宜俄油不买？印度信实据悉已进口200万桶委内瑞拉石油】美国与印度即将达成新的贸易协议，这也意味着全球能源行业将迎来重大改变。印度将按照美国提出的要求减少对俄罗斯原油的进口，并转向委内瑞拉石油。,2026-02-06 14:52:35,https://finance.eastmoney.com/a/202602063644042489.html
马斯克或成黄金的“黑天鹅”？华尔街顶级分析师语出惊人,【马斯克或成黄金的“黑天鹅”？华尔街顶级分析师语出惊人】美国投资机构Fundstrat Global Advisors的联合创始人兼研究主管Tom Lee描绘了一个“黄金黑天鹅”场景，其中全球金融体系的“颠覆者”不是美联储，而是埃隆·马斯克；根据Fundstrat的研究，黄金价格可能已经“见顶”。,2026-02-06 14:50:54,https://finance.eastmoney.com/a/202602063644041495.html
国联股份等在北京成立数智科技新公司,【国联股份等在北京成立数智科技新公司】企查查APP显示，近日，北京循创多多数智科技有限公司成立，经营范围包含：文艺创作；其他文化艺术经纪代理；数字文化创意内容应用服务等。企查查股权穿透显示，该公司由国联股份等共同持股。,2026-02-06 14:48:02,https://finance.eastmoney.com/a/202602063644041123.html
沪深两市成交额连续第29个交易日突破2万亿 较上一日此时缩量超300亿,沪深两市成交额连续第29个交易日突破2万亿，较上一日此时缩量超300亿。,2026-02-06 14:48:02,https://finance.eastmoney.com/a/202602063644041080.html
专家称普通投资者不适合配置白银 建议普通投资者避开白银优先配置黄金,【专家称普通投资者不适合配置白银 建议普通投资者避开白银优先配置黄金】2月5日晚间，黄金、白银暴跌。在高波动市场中如何配置贵金属？中辉期货资管部投资经理王维芒对记者表示，白银的风险已超过黄金，因为白银缺乏央行的托底支持，其价格的暴涨已严重侵蚀了基本面，已单纯成为资金博弈的场所。“建议回避白银配置，尤其对大资金和长线资金而言，白银并不适合；普通投资者更不宜参与。”,2026-02-06 14:47:14,https://finance.eastmoney.com/a/202602063644040584.html
欧洲央行管委斯图纳拉斯：通胀稳定在目标预期,【欧洲央行管委斯图纳拉斯：通胀稳定在目标预期】据报道，欧洲央行管委斯图纳拉斯表示，通胀稳定在目标预期。,2026-02-06 14:46:32,https://finance.eastmoney.com/a/202602063644040130.html
特斯拉陶琳：会积极参与中国市场辅助自动驾驶相关工作,【特斯拉陶琳：会积极参与中国市场辅助自动驾驶相关工作】特斯拉副总裁陶琳今日表示，特斯拉会非常积极的参与中国市场辅助自动驾驶等相关系列工作，但目前尚无法提供明确的落地时间。马斯克此前表示，特斯拉FSD将于今年二月在欧洲部署，中国市场会随后跟进。,2026-02-06 14:44:43,https://finance.eastmoney.com/a/202602063644039169.html
休闲零食迎春节旺季 头部企业全力开工保供应,【休闲零食迎春节旺季 头部企业全力开工保供应】财联社记者采访获悉，春节临近，休闲零食迎来销售旺季，各渠道备货积极，坚果礼盒热卖，商超渠道量贩装零食率先起量。万辰集团相关负责人对财联社记者表示，旗下“好想来”从1月上旬开始启动年货节，带动门店销量与客流双增；劲仔食品相关负责人对财联社记者介绍，公司三大生产基地全力生产，核心产品日产能突破千万包，保障供应不断货。,2026-02-06 14:43:55,https://finance.eastmoney.com/a/202602063644039090.html
股价一度大跌近9%！三安光电回应惠特科技仲裁案！,【股价一度大跌近9%！三安光电回应惠特科技仲裁案！】记者2月6日获悉，化合物半导体龙头三安光电与中国台湾半导体设备厂商惠特科技（FitTech）陷入一场合同纠纷，日前中国国际经济贸易仲裁委员会已作出裁决。因或需支付超过3亿元人民币剩余价款，三安光电今日盘中一度跌近9%，此后股价出现探底回升。,2026-02-06 14:37:35,https://finance.eastmoney.com/a/202602063644035564.html
逾7亿美元拿下叮咚买菜 能给美团带来什么？,【逾7亿美元拿下叮咚买菜 能给美团带来什么？】经济学家、工信部信息通信经济专家委员会委员盘和林告诉记者，美团和叮咚买菜可以合并配送，从而减少竞争，与此同时，美团也能够拥有自己的自营生鲜，有利于美团打造自营业务生态。双方合并后，美团丰富了业务生态，尤其是增加了生鲜的线下配送点。对于叮咚，当前互联网行业中，规模非常重要，美团可以提高叮咚配送规模和网点规模。,2026-02-06 14:37:04,https://finance.eastmoney.com/a/202602063644035988.html
伊朗外长和阿曼外长举行双边会晤,【伊朗外长和阿曼外长举行双边会晤】当地时间6日，伊朗外长阿拉格齐和阿曼外交大臣巴德尔在马斯喀特举行双边会晤。据此前消息，美国和伊朗6日将在马斯喀特开始谈判，本轮谈判据称会以“非直接”会面的方式进行，目前谈判的具体地点尚未公布。,2026-02-06 14:34:38,https://finance.eastmoney.com/a/202602063644034063.html
机器人离真正“进厂干活”还有距离 市人大代表为上海具身智能产业发展建言,【机器人离真正“进厂干活”还有距离 市人大代表为上海具身智能产业发展建言】“虽然具身智能已迎来爆发式增长，但距离大规模工业化应用还存在不小差距。”2月5日，在上海市十六届人大四次会议嘉定代表团小组审议中，市人大代表、上海新时达电气股份有限公司副董事长纪翌的发言，引起不少代表共鸣。,2026-02-06 14:34:12,https://finance.eastmoney.com/a/202602063644035340.html
日韩股市收盘涨跌不一,【日韩股市收盘涨跌不一】日经225指数收涨0.81%，报54253.68点；韩国KOSPI指数收跌1.44%，报5089.14点。,2026-02-06 14:32:28,https://finance.eastmoney.com/a/202602063644033615.html
米开朗琪罗一幅素描拍出2720万美元,【米开朗琪罗一幅素描拍出2720万美元】佳士得拍卖行2月5日在美国纽约以2720万美元拍出意大利文艺复兴时期艺术大师米开朗琪罗的一幅素描草图，创下其个人作品拍卖最高价格纪录。,2026-02-06 14:31:50,https://finance.eastmoney.com/a/202602063644033346.html
上海市人大代表诸正伟：线下门店为什么生意差？买个包子2块钱、停车10块钱,【上海市人大代表诸正伟：线下门店为什么生意差？买个包子2块钱、停车10块钱】“买个包子2块钱，停个车要10块钱，这生意怎么做？”在近日举行的上海两会期间，市人大代表诸正伟一句来自调研的感慨，引发了与会者对城市停车管理与实体商业生存困境的关注。,2026-02-06 14:27:29,https://finance.eastmoney.com/a/202602063644031937.html
继屏蔽千问后 微信再封元宝分享口令,【继屏蔽千问后 微信再封元宝分享口令】多名用户向记者反馈，继屏蔽千问分享口令后，腾讯自家AI产品元宝的春节活动分享口令，在微信平台中同样已不可复制。,2026-02-06 14:25:21,https://finance.eastmoney.com/a/202602063644031080.html
文远知行与Uber升级战略合作,【文远知行与Uber升级战略合作】据文远知行消息，2月6日，文远知行与Uber宣布升级战略合作：双方计划于2027年内在中东地区部署至少1200辆Robotaxi，覆盖阿布扎比、迪拜和利雅得三大市场。根据计划，这1200辆Robotaxi将全部接入Uber App面向公众提供出行服务。,2026-02-06 14:24:28,https://finance.eastmoney.com/a/202602063644029960.html
智元发布《机器人奇妙夜》节目单 机器人首秀武术、魔术等,【智元发布《机器人奇妙夜》节目单 机器人首秀武术、魔术等】2月6日，智元AGIBOT正式公布全球首个大型机器人晚会——《机器人奇妙夜》（AGIBOT NIGHT 2026）的完整节目单。,2026-02-06 14:23:34,https://finance.eastmoney.com/a/202602063644028652.html
德赛西威整车区域控制器ZCU获多个主机厂定点,【德赛西威整车区域控制器ZCU获多个主机厂定点】近日，德赛西威整车区域控制器（简称“ZCU”）获得多个主机厂定点，该产品以“区域集成”创新理念，高度集成了车身舒适控制（灯光、雨刮、门窗）、以太网网关、无钥匙进入及启动系统（PEPS）、电子驻车（EPB）、空气悬架控制及智能配电等关键功能，助力客户实现汽车电子电气架构升级。,2026-02-06 14:23:05,https://finance.eastmoney.com/a/202602063644028433.html
部分茅台经销商3月首批飞天配额售罄 第二批已申报,【部分茅台经销商3月首批飞天配额售罄 第二批已申报】财联社记者从渠道人士处获悉，部分茅台经销商自愿申报的3月首批飞天茅台配额已售罄，该批次货源以1×4规格（一箱四瓶装）为主，目前第二批追加配额已申报。此前受春节旺季消费需求提振，茅台多个区域货源偏紧，部分茅台经销商开售3月飞天茅台配额。,2026-02-06 14:20:23,https://finance.eastmoney.com/a/202602063644025030.html
分析师警告：经济分化下 美国家庭生活压力陡增,【分析师警告：经济分化下 美国家庭生活压力陡增】据法新社报道，分析师警告称，美国经济已陷入“K型分化”，中低收入家庭的生活愈发捉襟见肘，民众对生活成本的焦虑持续攀升。报道称，美国经济虽然实现了稳健增长，特朗普政府也一再标榜华尔街屡创纪录、减税政策成效显著，但分析师警告称，美国经济已陷入“K型分化”——富裕家庭坐拥资产增值的红利，中低收入家庭的生活却愈发捉襟见肘。,2026-02-06 14:17:58,https://finance.eastmoney.com/a/202602063644023433.html
参与小鹏汇天飞行器产线建设 瑞松科技一度涨超10%,【参与小鹏汇天飞行器产线建设 瑞松科技一度涨超10%】2月6日，瑞松科技震荡走强，一度涨超10%，截至13时30分，该股涨8.73%，报56.32元/股。消息面上，2月5日，瑞松科技在上证e互动平台表示，公司参与了小鹏汇天飞行器产线建设。,2026-02-06 14:15:25,https://finance.eastmoney.com/a/202602063644021665.html
探迹科技入主再获进展：真爱美家控制权变更获深交所合规确认,【探迹科技入主再获进展：真爱美家控制权变更获深交所合规确认】2月6日，真爱美家（003041.SZ）公告披露，公司近日已收到《深圳证券交易所上市公司股份协议转让确认书》（深证协〔2026〕21号），深圳证券交易所已完成对本次协议转让股权相关材料的合规确认。,2026-02-06 14:10:29,https://finance.eastmoney.com/a/202602063644018010.html
伊美谈判略有推迟,【伊美谈判略有推迟】据卡塔尔半岛电视台6日报道，伊朗和美国的谈判略有推迟，不会按原计划于当天10时（北京时间14时）开始。,2026-02-06 14:10:25,https://finance.eastmoney.com/a/202602063644018195.html
蓝箭航天成功进行多星堆叠及卫星组合体试验,【蓝箭航天成功进行多星堆叠及卫星组合体试验】近日，蓝箭航天成功完成了多星堆叠压紧释放机构和卫星组合体振动及解锁冲击试验，以及星间锁机构在经历组合体振动、堆叠柱解锁冲击后的星间解锁试验，标志着公司自研多星堆叠压紧释放机构已经具备服务卫星互联网星座大规模组网的能力。,2026-02-06 14:09:14,https://finance.eastmoney.com/a/202602063644017137.html
大牛股百利天恒预亏11亿元 中信证券给出上千元目标价？,【大牛股百利天恒预亏11亿元 中信证券给出上千元目标价？】日前，中信证券(600030)发布关于百利天恒(688506)的评级研报，给予百利天恒“买入”评级，并喊出不超过1322元的高额目标价，预测百利天恒2025年净利润为-7.60亿元。截至研报发布当日，百利天恒A股股价报收于282.30元/股，上市两年上涨超10倍。根据中信证券预测价格，该股未来涨幅超过468%。若股价达到1322元，公司总市值将突破5460亿元，届时将超越恒瑞医药及百济神州，成为A股医药行业市值第一的企业。,2026-02-06 14:07:28,https://finance.eastmoney.com/a/202602063644016856.html
全国首款航天造电动垂直起降飞行器首飞成功,【全国首款航天造电动垂直起降飞行器首飞成功】今天，由中国航天科技集团九院研制的全国首款航天造电动垂直起降低空飞行器，在重庆永川大安机场首飞成功，圆满完成各项性能验证。,2026-02-06 14:06:33,https://finance.eastmoney.com/a/202602063644015894.html
市场监管总局公布五起人工智能领域不正当竞争典型案例,【市场监管总局公布五起人工智能领域不正当竞争典型案例】记者今天了解到，为有效引导经营主体依法合规经营，维护人工智能产业健康发展，市场监管总局今天公布五起人工智能领域不正当竞争典型案例。,2026-02-06 14:02:25,https://finance.eastmoney.com/a/202602063644011692.html
已进入面板及半导体领域主流厂商供应链 欧莱新材一度涨停,【已进入面板及半导体领域主流厂商供应链 欧莱新材一度涨停】2月6日，欧莱新材盘中一度涨停，截至13:26，报30.38元/股，涨幅18.67%。公司2月3日发布的投资者关系活动记录表显示，在面板领域，公司已成功切入京东方、华星光电、惠科、超视界、彩虹光电、深超光电等国内主流面板厂商供应链，核心产品铜靶、铝靶、钼及钼合金靶、ITO靶等已实现G5至G11全世代线半导体显示用溅射靶材量产供货。,2026-02-06 14:02:20,https://finance.eastmoney.com/a/202602063644011961.html
现货白银日内涨超5%,现货白银日内涨超5%，现报74.50美元/盎司。,2026-02-06 14:00:43,https://finance.eastmoney.com/a/202602063644009648.html
雷军：春节期间小米汽车24小时免费道路救援,【雷军：春节期间小米汽车24小时免费道路救援】雷军在微博称，2月9日-3月3日春节期间出行，小米汽车24小时免费道路救援，同时提供500元打车券与异地送车服务。7×24小时上门补胎、线上服务，随时响应需求。如因车辆自身偶发故障导致途中抛锚，最高可报销1500元高铁/机票费用和500元住宿费用。,2026-02-06 13:59:42,https://finance.eastmoney.com/a/202602063644008713.html
千问登顶App Store免费榜,【千问登顶App Store免费榜】2月6日消息，今日千问开启免单奶茶活动后，已于中午登顶苹果App Store免费应用榜。第二名为元宝，第三名为豆包。,2026-02-06 13:56:57,https://finance.eastmoney.com/a/202602063644006882.html
太空光伏概念持续回升 宇晶股份4天2板,太空光伏概念持续回升，宇晶股份反包涨停，走出4天2板，泽润新能涨超10%，续创历史新高，拉普拉斯、协鑫集成、奥特维、连城数控、鹿山新材跟涨。,2026-02-06 13:52:27,https://finance.eastmoney.com/a/202602063644002481.html
教培、物业等先收钱后服务的行业纳税时间将大幅提前,【教培、物业等先收钱后服务的行业纳税时间将大幅提前】日常生活中，物业管理、教育培训、美容美发、健身等不少行业，通过优惠折扣等，让消费者先预付一笔钱，然后分期或分次来提供相应服务情形。而今年起，在这些先收钱后服务的行业，企业缴纳增值税的时间将大幅提前。近期，财政部、税务总局公布《关于增值税进项税额抵扣等有关事项的公告》，其中进一步明确了增值税纳税义务的发生时间。,2026-02-06 13:49:24,https://finance.eastmoney.com/a/202602063644001552.html
比特币狂泻 Strategy录入百亿亏损！创始人改口称“卖币也是选项”,【比特币狂泻 Strategy录入百亿亏损！创始人改口称“卖币也是选项”】周五（2月6日），比特币一度向下触及60000美元，日内跌超11%。与去年10月初创出历史新高的12.6万美元相比，比特币已下跌超52%。此次大幅度回调对主要的加密货币股票造成了沉重打击，其中迈克尔·塞勒（Michael Saylor）领导的比特币储备公司Strategy（MicroStrategy）所受冲击尤为严重。,2026-02-06 13:47:14,https://finance.eastmoney.com/a/202602063643995869.html
“金银过山车”引爆大佬警告：所有大宗商品都只是投机罢了！,【“金银过山车”引爆大佬警告：所有大宗商品都只是投机罢了！】今年以来，黄金和白银的突然暴涨和突然暴跌都令投资者猝不及防、震惊不已。有华尔街大佬对此评论称，归根结底，大宗商品只是投机罢了！,2026-02-06 13:46:54,https://finance.eastmoney.com/a/202602063643996218.html
“车路云一体化”进入标准拟定密集期：基础设施技术标准启动编制、“国标+团标”将双线并行,【“车路云一体化”进入标准拟定密集期：基础设施技术标准启动编制、“国标+团标”将双线并行】记者获悉，国内首个智能网联基础设施国标《城市道路智能网联基础设施技术标准》日前启动编制。作为牵头组织单位，车百会研究院表示，该“国标”填补了我国在该领域国家标准的空白，将为城市道路智能网联基础设施的规划、设计、建设、验收与运维全流程提供统一的技术规范和权威依据。,2026-02-06 13:44:40,https://finance.eastmoney.com/a/202602063643995267.html
CPO概念持续走高 智立方20cm涨停,CPO概念持续走高，智立方20cm涨停，创历史新高，燕麦科技涨超10%，易天股份、环旭电子、致尚科技、罗博特科，长光华芯等跟涨。,2026-02-06 13:44:08,https://finance.eastmoney.com/a/202602063643996998.html
加码锂电扩产 国轩高科负债率超71%抛50亿定增 高应收、高存货压顶,【加码锂电扩产 国轩高科负债率超71%抛50亿定增 高应收、高存货压顶】2月5日晚间，国轩高科(002074)宣布计划定增募资50亿元，进一步扩大新能源电池产能。公告显示，国轩高科本次定增的募投项目包括：年产20GWh动力电池项目、国轩高科20GWh新能源电池基地项目、新型锂离子电池（20GWh）智造基地项目以及补充流动资金，相关项目总投资额超140亿元，募集资金不足部分由公司自筹解决。,2026-02-06 13:42:06,https://finance.eastmoney.com/a/202602063643995017.html
全球首台！海上巨无霸并网发电 关键部件100%国产化,【全球首台！海上巨无霸并网发电 关键部件100%国产化】2月5日，金风科技与三峡集团联合研制的全球首台20兆瓦海上风电机组在福建海域并网发电，标志着我国在超大容量机组研发制造和海上施工领域实现重要突破。,2026-02-06 13:40:17,https://finance.eastmoney.com/a/202602063643994157.html
中国神华千亿级重组进入新阶段,【中国神华千亿级重组进入新阶段】中国神华(601088，SH)千亿级资产重组项目有了新进展。2月6日，根据上海证券交易所官网信息，中国神华能源股份有限公司发行股份及支付现金购买资产并募集配套资金的重组申请，经简易审核程序审议后已提交注册。,2026-02-06 13:37:46,https://finance.eastmoney.com/a/202602063643992610.html
加密市场24小时58万人爆仓！“大空头”：比特币恐重演2022年崩盘模式,【加密市场24小时58万人爆仓！“大空头”：比特币恐重演2022年崩盘模式】在比特币引领加密货币市场跌跌不休之际，知名做空投资者、素有“大空头”之称的迈克尔·伯里（MichaelBurry）日前发出严厉警告，称比特币可能会重演2021-2022年的崩盘模式。这意味着比特币价格可能会进一步跌至5万美元甚至更低。,2026-02-06 13:37:00,https://finance.eastmoney.com/a/202602063643995510.html
中国公民如何在海南申领居住证？权威解答来了,【中国公民如何在海南申领居住证？权威解答来了】海南省公安厅反走私和海岸管理总队政委林雄表示，外省居民离开户口所在地，在海南居住半年以上并进行流动人口登记，符合合法稳定就业、合法稳定住所、合法就读条件之一的，可以在海南省行政区域内居住地申领居住证。,2026-02-06 13:35:56,https://finance.eastmoney.com/a/202602063643992287.html
海南岛内居民可随用随买“零关税”日用消费品,【海南岛内居民可随用随买“零关税”日用消费品】今天（6日），海南省新闻办公室举行新闻发布会，介绍海南自由贸易港岛内居民消费的进境商品“零关税”政策情况。 发布会上介绍，海南全省首批在海口、三亚、儋州三个地级市共开设5家日用消费品免税店，各店定于2月11日开业。,2026-02-06 13:34:36,https://finance.eastmoney.com/a/202602063643991331.html
南向资金连续6日累计买入超488亿港元，恒生科技ETF广发获资金逆势加仓，单日流入2.74亿元，跟踪指数处估值低位,【南向资金连续6日累计买入超488亿港元，恒生科技ETF广发获资金逆势加仓，单日流入2.74亿元，跟踪指数处估值低位】近期，资金逢低布局港股。Wind数据显示，2026年2月5日，南向资金全天大举净流入约249.77亿港元，创去年8月16日以来近半年新高。其中，恒生科技指数单日净流入超30亿元，位居股票ETF市场流入板块首位。拉长时间看，截至2月5日，南向资金已连续6个交易日保持流入，累计买入488.05亿港元。,2026-02-06 13:30:01,https://finance.eastmoney.com/a/202602063644016678.html
现货白银日内涨超4% 早盘曾一度跌近10%,现货白银日内涨超4%，现报73.86美元/盎司，早盘曾一度跌近10%。,2026-02-06 13:28:57,https://finance.eastmoney.com/a/202602063643987297.html
游戏板块震荡反弹 完美世界涨停,游戏板块震荡反弹，完美世界涨停，巨人网络、ST中青宝、华立科技、三七互娱等跟涨。,2026-02-06 13:27:10,https://finance.eastmoney.com/a/202602063643985816.html
沪深两市成交额突破1.5万亿 较上一日此时缩量超400亿,沪深两市成交额突破1.5万亿，较上一日此时缩量超400亿。,2026-02-06 13:22:16,https://finance.eastmoney.com/a/202602063643981155.html
宁德时代拟参股华为数字能源？知情人士：此前双方曾谈过 宁德时代拟参股约20%,【宁德时代拟参股华为数字能源？知情人士：此前双方曾谈过 宁德时代拟参股约20%】近日，市场流传宁德时代收购华为数字能源。对此，有知情人士告诉记者，“此前双方确实谈过，但因整体收购成本过高，华为数字能源并非全部出售给宁德时代，而是宁德时代拟参股华为数字能源约20%股份。”不过，2月6日，多位华为数字能源员工表示，“2月5日晚公司内部已逐级通知不再出售。”,2026-02-06 13:21:38,https://finance.eastmoney.com/a/202602063643980727.html
千问口令无法在微信复制分享,【千问口令无法在微信复制分享】多名用户向记者反馈，目前千问的春节活动口令无法在微信进行复制传播，选中千问的活动口令后，微信页面没有复制键。,2026-02-06 13:19:48,https://finance.eastmoney.com/a/202602063643978125.html
小鹏GX开启L4级自动驾驶开放测试,【小鹏GX开启L4级自动驾驶开放测试】记者获悉，即将发布的小鹏首款大六座SUV小鹏GX，将搭载4颗图灵芯片，本地有效算力3000TOPS，具备L4级自动驾驶能力，目前正在进行技术验证。今日一辆车身贴有 “L4自动驾驶测试”及“注意避让” 标识的小鹏伪装车，在广州开放路段进行测试。,2026-02-06 13:16:34,https://finance.eastmoney.com/a/202602063643975128.html
亚马逊：已发射180颗卫星 计划在今明两年共进行超50次发射,【亚马逊：已发射180颗卫星 计划在今明两年共进行超50次发射】当地时间2月5日，亚马逊总裁兼首席执行官安迪·贾西在2025财年第四财季财报电话会上透露，Amazon Leo（即低地球轨道卫星项目）方面取得了快速进展，将为无法获得宽带连接的地方的消费者、企业和政府带来连接。,2026-02-06 13:14:55,https://finance.eastmoney.com/a/202602063643974151.html
太阳爆发最高等级耀斑 引发轻度地磁暴,【太阳爆发最高等级耀斑 引发轻度地磁暴】美国国家海洋和大气管理局5日发布警报说，受太阳爆发强烈耀斑影响，地球已出现并可能继续出现轻度地磁暴。,2026-02-06 13:13:43,https://finance.eastmoney.com/a/202602063643972727.html
油气股午后持续走强 通源石油涨超11%,油气股午后持续走强，通源石油涨超11%，科力股份涨超9%，洲际油气涨超8%，潜能恒信、准油股份、新锦动力、中曼石油等跟涨。,2026-02-06 13:11:42,https://finance.eastmoney.com/a/202602063643971588.html
日本前高级外汇官员：外汇干预配合加息效果将更为持久,【日本前高级外汇官员：外汇干预配合加息效果将更为持久】日本前高级外汇官员中尾武彦表示，动用外汇储备进行汇率干预，虽然可以对市场产生立竿见影的冲击，但如果配合持续加息，其效果将更为持久。中尾武彦曾在2011-2013年期间担任负责国际事务的副财相。,2026-02-06 13:08:59,https://finance.eastmoney.com/a/202602063643969389.html
阿里概念股午后拉升 数据港涨停,阿里概念股午后拉升，数据港涨停，润建股份、顺钠股份、杭钢股份、壹网壹创等跟涨。,2026-02-06 13:03:55,https://finance.eastmoney.com/a/202602063643964968.html
海南首批岛内居民日用消费品免税店拟定于2月11日开业,【海南首批岛内居民日用消费品免税店拟定于2月11日开业】海南省新闻办公室6日举行新闻发布会，介绍海南自由贸易港岛内居民消费进境商品“零关税”政策有关情况。记者从会上获悉，海南首批岛内居民日用消费品免税店拟定于2026年2月11日开业。,2026-02-06 13:01:52,https://finance.eastmoney.com/a/202602063643962346.html
金店一个月扫出1700克金粉！同行揭秘,【金店一个月扫出1700克金粉！同行揭秘】金价维持在高位，现在很多人都在排队“打金”。相比于直接买金首饰，打金的体验感更强，不仅可以定制款式，价格也相较品牌金饰更便宜，赢得了不少消费者的青睐。近日，“打金店1个月扫出1700克金粉”的话题引发网友广泛关注与讨论。不少朋友疑惑，这些金粉是从哪里来的，打金店为什么能攒下这么多？黄金加工过程中的损耗，需要消费者承担吗？,2026-02-06 12:58:34,https://finance.eastmoney.com/a/202602063643954513.html
光纤光缆大爆发！一则利好突然来袭！,【光纤光缆大爆发！一则利好突然来袭！】2月6日早盘，最先爆发的是光纤光缆行业，市值近700亿元的长飞光纤开盘13分钟后涨停，续创历史新高。随后，通鼎互联、亨通光电、长盈通等集体大涨。根据券商研报，2026年1月，中国市场G.652.D单模光纤价格创下近七年来的新高，平均价格来到35元/芯公里以上。还有部分报价突破40元/芯公里，年内涨幅超80%，创行业罕见涨幅。,2026-02-06 12:56:42,https://finance.eastmoney.com/a/202602063643953963.html
4001只私募产品1月净值创新高,【4001只私募产品1月净值创新高】1441家私募旗下共计4001只私募产品的净值在今年1月创下历史新高。经统计，至少有3只产品有近3年业绩展示（成立满3年）且符合排名规则的私募有139家，其中百亿私募仅14家，股票策略私募占8家，收益均值排名前五的私募依次为天演资本、复胜资产、诚奇私募、幻方量化、明汯投资。,2026-02-06 12:54:12,https://finance.eastmoney.com/a/202602063643953439.html
中际旭创盘中跌超5%！公募头号重仓股遭遇“登顶之困”？,【中际旭创盘中跌超5%！公募头号重仓股遭遇“登顶之困”？】作为公募第一大重仓股，市场看待中际旭创，用的是“显微镜”和“望远镜”，即对公司关注颗粒度更高，对预期变化的关注度更高；另外，山巅之上，情绪之风更为明显，筹码受情绪性因素影响的情况更加突出。,2026-02-06 12:51:00,https://finance.eastmoney.com/a/202602063643953387.html
告别“炫技式试点” 本地化私有部署成AI规模化落地关键,【告别“炫技式试点” 本地化私有部署成AI规模化落地关键】Cloudera大中华区技术总监刘隶放对记者表示，无论是传统行业巨头还是新兴产业领军者，都纷纷将本地化私有部署作为AI规模化落地的基础架构，这一趋势不仅彰显了AI产业化的深度演进，更标志着中国AI发展从“概念炒作”迈向“硬核成果”的关键转折，为企业在AI时代构建核心竞争力奠定了坚实基础。,2026-02-06 12:50:15,https://finance.eastmoney.com/a/202602063643952448.html
汽车改装在政策“松绑”中寻求新坐标,【汽车改装在政策“松绑”中寻求新坐标】“我们下一步将大力推动全市汽车后市场体系建设，持续培育汽车改装产业。”近日，一位地方政府人士在2026新能源汽车后市场新生态大会上表示，未来将支持整车及零部件企业与改装企业等进行深度对接，加强政策研究和标准建设，依法依规为消费者提供更安全、环保、个性化的改装服务，有序推动汽车改装市场发展。,2026-02-06 12:50:00,https://finance.eastmoney.com/a/202602063643952714.html
阿童木机器人冲刺港股 2025年前三季度首次盈利,【阿童木机器人冲刺港股 2025年前三季度首次盈利】记者了解到，作为一家成立十三年的技术驱动型企业，阿童木机器人自2020年起已连续五年位居国内自主品牌并联机器人市场占有率第一，并在2023年实现了对外资品牌的全面超越。2025年前三季度，阿童木机器人首次实现账面盈利。外界关注的是，其盈利的可持续性、新兴产品的巨额亏损以及持续的现金流出，仍是冲击资本市场之路上面临的严峻考验。,2026-02-06 12:49:58,https://finance.eastmoney.com/a/202602063643952593.html
“小米、极氪对撞测试”引发公诉 高若翔涉嫌损害商品声誉案今日开庭审理,【“小米、极氪对撞测试”引发公诉 高若翔涉嫌损害商品声誉案今日开庭审理】记者从高若翔代理律师处了解到，高若翔涉嫌损害商品声誉罪一案，今日在北京市海淀区人民法院开庭审理。高若翔，即B站UP主“原来是翔翔啊”，截至发稿，该账号拥有粉丝超过百万。,2026-02-06 12:48:34,https://finance.eastmoney.com/a/202602063643952974.html
高德发布“鹰眼守护2.0” 联合中国安科院启动春运保障专项,【高德发布“鹰眼守护2.0” 联合中国安科院启动春运保障专项】2月6日消息，界面新闻记者获悉高德发布“鹰眼守护2.0”。高德按照国务院安全办公室、应急管理部工作部署，与中国安全生产科学研究院启动春运保障专项。据了解，鹰眼守护系统目前已完成春运专项升级，覆盖不同天气、车型等场景下的预警及救援服务。此外，“鹰眼报警”功能已在江苏高速率先上线。,2026-02-06 12:44:52,https://finance.eastmoney.com/a/202602063643951386.html
限制升级 阿里千问红包分享口令无法在微信内复制,【限制升级 阿里千问红包分享口令无法在微信内复制】2月6日，记者实测发现，阿里千问红包最新的分享口令在微信内已失效，页面无任何复制选项，用户无法通过微信复制口令参与千问“春节30亿免单”活动。不过，蓝鲸科技记者发现，目前元宝红包分享口令仍可在微信内复制。,2026-02-06 12:41:12,https://finance.eastmoney.com/a/202602063643951043.html
腾讯战略入股新石器无人车 大厂加码智慧物流！新战局来了,【腾讯战略入股新石器无人车 大厂加码智慧物流！新战局来了】近日，国家企业信用信息公示系统显示，新石器无人车关联公司新石器慧通（北京）科技有限公司发生工商变更，腾讯旗下广西腾讯创业投资有限公司正式新增为股东。此举成为腾讯加码AI与自动驾驶赛道、布局智慧物流场景的重要信号，是其完善AI与自动驾驶场景化落地布局的关键一步。,2026-02-06 12:38:31,https://finance.eastmoney.com/a/202602063643950859.html
印度央行将基准利率维持在5.25%不变 符合市场预期,印度央行将基准利率维持在5.25%不变，符合市场预期。,2026-02-06 12:35:32,https://finance.eastmoney.com/a/202602063643950112.html
一上午净买入超100亿港元！南向资金“扫货”港股,【一上午净买入超100亿港元！南向资金“扫货”港股】港股市场方面，上午恒生指数跌幅一度超过2%，后跌幅有所收窄。恒生指数成份股中，友邦保险、汇丰控股领跌，信义光能、药明康德、蒙牛乳业等股票表现相对较强。值得一提的是，在港股调整之际，南向资金大幅净买入，上午净买入超过100亿港元。,2026-02-06 12:30:43,https://finance.eastmoney.com/a/202602063643947577.html
云顶新耀：国家药品监督管理局已批准维适平新药上市申请,【云顶新耀：国家药品监督管理局已批准维适平新药上市申请】云顶新耀公告，中国国家药品监督管理局已批准维适平新药上市申请，在中国用于治疗对传统治疗或生物制剂应答不充分、失应答或不耐受的中度至重度活动性溃疡性结肠炎成人患者。,2026-02-06 12:28:14,https://finance.eastmoney.com/a/202602063643946059.html
港股科技板块卖空显著升温 快手卖空金额增超10倍,【港股科技板块卖空压力显著升温 快手卖空金额增超10倍】受海外情绪传导影响，港股AI应用、SaaS及游戏等科技细分领域近期承压明显，卖空活跃度持续抬升。数据显示，2023年12月底至2024年2月5日，多家代表性企业卖空规模呈阶梯式增长。,2026-02-06 12:26:21,https://finance.eastmoney.com/a/202602063643945860.html
2月6日午间新闻精选,【2月6日午间新闻精选】1、截至午间收盘，沪指涨0.11%，深证成指涨0.65%，创业板指涨0.65%。恒生指数跌1.13%，恒生科技指数跌0.47%。2、海南全省首批在海口、三亚、儋州三个地级市共开设5家日用消费品免税店，各店定于2月11日南方小年开业。,2026-02-06 12:16:08,https://finance.eastmoney.com/a/202602063643943259.html
机构：2月电视面板价格预计涨势延续 笔电面板价格承压,【机构：2月电视面板价格预计涨势延续 笔电面板价格承压】TrendForce集邦咨询日前公布2月面板价格趋势预测：2026年2月，电视面板价格预计将延续上涨态势，显示器面板部分尺寸价格上涨，笔电面板价格预期下跌。目前预估2月份电视面板价格有机会呈现全面上涨趋势，32英寸、43英寸与50英寸预估上涨1美元，55英寸、65英寸与75英寸则预计上涨2美元。,2026-02-06 12:14:49,https://finance.eastmoney.com/a/202602063643943386.html
教育部将持续推进校园餐、教辅、校服等专项整治,【教育部将持续推进校园餐、教辅、校服等专项整治】记者从2月5日至6日在河北廊坊举行的2026年度全国基础教育重点工作部署会上获悉，2026年，教育部将持续推进校园餐、教辅、校服等专项整治，加强校园餐全链条监管，严把教辅征订“入口关”，推进校服采购规范化，严查利益输送、贪腐行为，坚决维护学生和家长合法权益。,2026-02-06 12:10:42,https://finance.eastmoney.com/a/202602063643942841.html
港股午评：恒生指数跌1.13% 恒生科技指数跌0.48%,【港股午评：恒生指数跌1.13% 恒生科技指数跌0.48%】港股午间收盘，恒生指数跌1.13%，恒生科技指数跌0.48%。加密货币概念股普跌，新火科技控股跌近7%，雄岸科技跌超4%。汽车板块涨幅居前，蔚来涨逾7%，理想汽车涨超5%，零跑汽车涨近5%。,2026-02-06 12:10:11,https://finance.eastmoney.com/a/202602063643942583.html
爱尔眼科：襄阳恒泰康非爱尔眼科所属企业,【爱尔眼科：襄阳恒泰康非爱尔眼科所属企业】爱尔眼科公告，公司关注到部分媒体关于精神专科医院涉嫌违规问题的报道中，将襄阳恒泰康医院有限公司与爱尔眼科直接关联。公司现就有关情况澄清说明如下：襄阳恒泰康非爱尔眼科所属企业。该公司为爱尔医疗投资集团有限公司与其他投资方合资设立的四级子公司。襄阳恒泰康由其医院管理团队经营。爱尔医疗投资不参与襄阳恒泰康的日常经营管理。爱尔眼科与湖南恒泰康康复医疗产业发展有限公司及其下属机构不存在股权控制、业务关联或经营管理关系。,2026-02-06 12:03:52,https://finance.eastmoney.com/a/202602063643940332.html
2月6日午间涨停分析,【2月6日午间涨停分析】今日午盘全市场共47股涨停，连板股总数7只，11股封板未遂，封板率为81%（不含ST股、退市股）。焦点股方面，并购重组的湖南黄金10天7板、凯龙高科20CM3连板，影视股横店影视7天6板，名雕股份盘中上演“地天板”走出6天5板。,2026-02-06 11:55:05,https://finance.eastmoney.com/a/202602063643939417.html
2025年广东民用无人机产量同比增长39% 占全国九成以上,【2025年广东民用无人机产量同比增长39% 占全国九成以上】广东省人民政府新闻办公室2月6日举行“‘十四五’广东成就”系列主题新闻发布会，本次发布会主题为现代化产业体系建设。广东省发展和改革委员会副主任、省大湾区办常务副主任朱伟在会上表示，“十四五”期间，广东新兴产业蓬勃发展，2025年全省集成电路产量942.4亿块，比2020年增长152%；2025年人工智能核心产业规模预计达3000亿元；工业机器人、服务机器人产量均居全国第一；2025年，广东民用无人机产量同比增长39%，占全国九成以上。,2026-02-06 11:51:01,https://finance.eastmoney.com/a/202602063643938326.html
上海辖区投顾公司2025服务客户数同比增加15% 客户平均年龄52岁,【上海辖区投顾公司2025服务客户数同比增加15% 客户平均年龄52岁】上海市证券同业公会最新披露数据显示，截至2025年末，上海地区证券投资咨询机构共计31家，同比降幅6%；个人客户总数为296.32万人，同比增幅14.55%，全年净新增37.65万人，个人客户平均年龄52岁，个人客户中64.4%为大专以下学历，服务个人客户产品数相较2024年同比增幅67.87%；机构客户总数为665户，同比减少1.62%，全年净减少11个。整体来看，零售端投顾服务的活跃度提升，但投诉率持续处于较高水平，暴露出在业务规范性、服务透明度和客户适当性管理等方面仍存在改进空间。,2026-02-06 11:50:34,https://finance.eastmoney.com/a/202602063643938211.html
日本家庭“恩格尔系数”28.6% 达1981年来高位,【日本家庭“恩格尔系数”28.6% 达1981年来高位】日本总务省2月6日公布的2025年两人以上家庭收支调查结果显示，受食品价格飙升影响，显示食品支出占家庭消费支出比重的“恩格尔系数”为28.6%，达到1981年以来的新高。消费支出显示，学费等“教育”增加6.8%，包括汽车相关费用在内的“交通和通信”增长6.7%。由于酷暑导致空调使用频率增加，“水电燃气”支出也增加2.5%。受食品价格大涨影响，节约食品消费的趋势蔓延，食品支出下降1.2%，点心类以及大米、面包等谷物类消费也减少。,2026-02-06 11:46:52,https://finance.eastmoney.com/a/202602063643937286.html
迈为股份半导体晶圆热压键合设备交付MEMS传感器头部企业,【迈为股份半导体晶圆热压键合设备交付MEMS传感器头部企业】近日，迈为股份自主研发的半导体晶圆热压键合设备成功交付国内MEMS传感器头部企业，该批设备将应用于客户先进MEMS传感器的规模化生产线。,2026-02-06 11:44:51,https://finance.eastmoney.com/a/202602063643937176.html
服务器卡爆了！千问APP已送出超100万单奶茶 阿里：正紧急加资源,【服务器卡爆了！千问APP已送出超100万单奶茶 阿里：正紧急加资源】记者实测体验发现，在下单过程中，千问APP多次出现卡顿现象。页面提示：活动太火爆了，请稍后再试。 对此阿里方面回应《科创板日报》称：“我们正在紧急加资源，全力保障顺畅。”,2026-02-06 11:37:43,https://finance.eastmoney.com/a/202602063643934524.html
创业板指上涨0.65% 化工股涨幅居前 珠宝首饰板块走强,【午盘播报】沪指上涨0.11%，报4080.31点；深成指上涨0.65%，报14043.17点；创业板指上涨0.65%，报3281.45点，两市半日合计成交13842亿。盘面上，珠宝首饰、环氧丙烷、氟化工、机器人执行器、采掘行业、能源金属、电池、化工原料涨幅居前，免税概念、酿酒行业、商业百货、旅游酒店、船舶制造、航空机场表现不佳，领跌市场。全市场上涨个股有3852家，下跌个股有1454家，51只股涨停。,2026-02-06 11:30:54,https://finance.eastmoney.com/a/202602063643931865.html
泰国期货交易所（TFEX）宣布暂停白银在线期货的临时交易,泰国期货交易所（TFEX）宣布暂停白银在线期货的临时交易。,2026-02-06 11:30:07,https://finance.eastmoney.com/a/202602063643931094.html
董明珠接受人民日报专访：现在的年轻人要有耐心要吃得起亏,【董明珠接受人民日报专访：现在的年轻人要有耐心要吃得起亏】董明珠表示，年轻人要有耐心，要吃得起亏。有人认为拿了文凭就应该坐到一个高级岗位上去，即使给你一个高级岗位，你不能掌控，或者不能更深层次地发现问题、组织新的创新模式，也没有用。,2026-02-06 11:28:10,https://finance.eastmoney.com/a/202602063643930835.html
睿能科技旗下贝能国际与英飞凌推出机器人关节驱动的一站式解决方案,【睿能科技旗下贝能国际与英飞凌推出机器人关节驱动的一站式解决方案】睿能科技(603933)旗下贝能国际官微消息，贝能与英飞凌科技联合推出了一款高集成度解决方案——基于英飞凌PSOCControlC3MCU微控制器和高效GaN功率器件的400W机器人关节电机驱动方案，涵盖主控、功率、传感与架构。该方案为工程师提供了一个经过验证的高性能起点，旨在大幅缩短研发周期、加速产品上市进程。,2026-02-06 11:27:04,https://finance.eastmoney.com/a/202602063643930039.html
南向资金净买入超100亿港元,截至目前，南向资金净买入超100亿港元。,2026-02-06 11:25:12,https://finance.eastmoney.com/a/202602063643928789.html
特斯拉产线转产Optimus机器人，机器人ETF鹏华涨超2%,【特斯拉产线转产Optimus机器人，机器人ETF鹏华涨超2%】机器人概念盘中震荡回升，消息面上，马斯克表示，公司将把位于加州弗里蒙特工厂中原本用于生产ModelS与ModelX的产线，转为Optimus人形机器人专用制造设施。,2026-02-06 11:24:58,https://finance.eastmoney.com/a/202602063643937317.html
大族数控实现“A+H”上市 H股早盘一度涨近19%,【大族数控实现“A+H”上市 H股早盘一度涨近19%】2月6日，大族数控正式登陆港交所，最终发售价为95.80港元/股，募资总额为48.33亿港元。上市首日开盘，大族数控H股一度涨近19%，最高报114港元/股。截至10时47分，大族数控H股报111.1港元/股，涨15.97%。,2026-02-06 11:23:48,https://finance.eastmoney.com/a/202602063643927992.html
大宗商品ETF(510170)强势翻红涨超1%，1月中国大宗商品价格指数创近三年半来新高,【大宗商品ETF(510170)强势翻红涨超1%，1月中国大宗商品价格指数创近三年半来新高】截至2026年2月6日11:06，大宗商品ETF(510170)上涨1.07%，盘中换手3.1%，成交1793.23万元。成分股厦门钨业上涨4.12%，南山铝业上涨3.79%，中国铝业上涨3.24%，金钼股份上涨3.19%，梅花生物上涨3.17%。,2026-02-06 11:21:49,https://finance.eastmoney.com/a/202602063643927476.html
美国国债收益率曲线升至近四年来最陡水平,【美国国债收益率曲线升至近四年来最陡水平】美国国债收益率曲线升至近四年来最陡水平。受降息预期升温、对通胀持续性的担忧以及财政赤字压力影响，美国10年期国债与2年期国债收益率利差一度扩大至73.7个基点，接近2025年4月触及的73.8个基点高位，为2022年1月以来最高水平。,2026-02-06 11:18:25,https://finance.eastmoney.com/a/202602063643925118.html
黄金持续震荡 还能涨吗？中信证券敖翀：金价上涨趋势并没有完结,【黄金持续震荡 还能涨吗？中信证券敖翀：金价上涨趋势并没有完结】近日，针对当前黄金市场的剧烈波动与后续走向，记者特别对话了中信证券有色金属行业首席分析师敖翀，试图厘清本轮行情的核心驱动，探寻价格剧烈波动的背后逻辑。在交流中，敖翀明确指出，当前黄金的上涨趋势尚未完结，流动性预期是当下驱动黄金价格走势的核心力量。此外，持续的地缘政治冲突也为黄金提供了阶段性的避险动力。,2026-02-06 11:18:17,https://finance.eastmoney.com/a/202602063643925723.html
卓正医疗登陆港交所 开盘涨超35%,【卓正医疗登陆港交所 开盘涨超35%】2月6日，卓正医疗在港交所挂牌上市，开盘报81港元/股，上涨35%。招股书显示，卓正医疗成立于2012年，在战略上专注于服务中高端医疗服务市场，以通常具有较强购买力、偏好更个性化医疗服务的大众富裕人群为目标客户。,2026-02-06 11:17:29,https://finance.eastmoney.com/a/202602063643926292.html
包装印刷板块盘中走强 京华激光涨停,包装印刷板块盘中走强，京华激光涨停，金富科技此前涨停，大胜达、天元股份、嘉美包装等股跟涨。,2026-02-06 11:16:12,https://finance.eastmoney.com/a/202602063643924632.html
牧原股份港股发行获超额认购 成为国内生猪养殖业首家“A+H”企业,【牧原股份港股发行获超额认购 成为国内生猪养殖业首家“A+H”企业】2月6日，牧原股份（02714.HK）在港交所上市，正式迈入“A+H”双资本平台发展阶段。若超额配售权悉数行使，牧原股份本次发行净额最高可达120.38亿港元，这不仅是2026年以来全球规模最大的农牧企业IPO，更跻身港股农业板块近年最大规模IPO之列，彰显了全球资本市场对中国生猪养殖龙头企业的高度认可。,2026-02-06 11:14:02,https://finance.eastmoney.com/a/202602063643922954.html
上海经信委组织开展2026年安全应急装备应用推广典型案例推荐工作 重点鼓励人工智能、5G等创新应用,【上海经信委组织开展2026年安全应急装备应用推广典型案例推荐工作 重点鼓励人工智能、5G等创新应用】上海市经济信息化委发布《关于组织开展2026年安全应急装备应用推广典型案例推荐工作的通知》。其中提出，本次案例推荐覆盖三大核心场景，聚焦七大装备类型，重点鼓励人工智能、5G等新一代信息技术赋能的创新应用。,2026-02-06 11:11:13,https://finance.eastmoney.com/a/202602063643921522.html
花旗：Arm仍具强劲成长动能与成长股特质 目标价下调至190美元,【花旗：Arm仍具强劲成长动能与成长股特质 目标价下调至190美元】花旗发表报告指，软银旗下英国芯片设计商Arm去年12月底止2026财年第三季营收与盈利略胜预期。基于云端AI整体潜在市场(TAM)规模增长及CSS技术普及，该行将Arm 2026和2027财年营收预测各上调1%，预期营收将实现23%和21%的强劲增长；目标价由200美元降至190美元，评级“买入”。,2026-02-06 11:09:20,https://finance.eastmoney.com/a/202602063643920335.html
江汽集团与布雷博签署战略合作协议,【江汽集团与布雷博签署战略合作协议】据江汽集团消息，江汽集团（JAC）与制动解决方案提供者布雷博（Brembo）2月5日签署战略合作协议，旨在加强长期合作，共同推动未来汽车平台的创新发展。,2026-02-06 11:07:16,https://finance.eastmoney.com/a/202602063643917922.html
伊朗突发！美国国务院：尽快离开！石油、黄金集体反攻！,【伊朗突发！美国国务院：尽快离开！石油、黄金集体反攻！】伊朗局势似乎并未好转！据央视新闻报道，美东时间2月5日，美国国务院通过“虚拟驻伊朗德黑兰使馆”发布安全警告称，伊朗全国范围内持续加强安全管控，局势依然紧张。美方敦促美国公民尽快自行离开伊朗，并制定不依赖美国政府协助的离境计划。如暂时无法离境，应就地避险，储备必要物资，避免示威活动并保持低调。,2026-02-06 11:04:24,https://finance.eastmoney.com/a/202602063643917042.html
PCB概念持续拉升 深南电路涨停,PCB概念持续拉升，深南电路涨停，中富电路涨超10%，胜宏科技、鹏鼎控股、富佳股份、生益电子跟涨。,2026-02-06 11:04:23,https://finance.eastmoney.com/a/202602063643915549.html
阿里回应千问“崩了”,【阿里回应千问“崩了”】2月6日，阿里千问正式上线“春节30亿免单”，发放奶茶免单卡。随后，千问app在全国多个地区出现小范围系统故障，部分用户打开活动页面，发现“千问请客”页面无法点击，页面信息显示“系统开小差了，稍后再试吧”。有用户对记者反馈，除活动页面外，问答功能仍可正常使用。,2026-02-06 11:01:31,https://finance.eastmoney.com/a/202602063643912943.html
棒杰股份涨停 光伏业务子公司重整申请获受理,【棒杰股份涨停 光伏业务子公司重整申请获受理】2月6日，棒杰股份涨停，报6.90元/股，涨幅10.05%。棒杰股份2月3日公告，扬州经开区法院已裁定受理兴业银行对公司子公司扬州棒杰的重整申请。棒杰股份表示，扬州棒杰为公司核心子公司及光伏业务重要经营平台，若重整得以成功实施，将有利于改善公司的资产负债结构，推动公司健康发展。,2026-02-06 11:00:33,https://finance.eastmoney.com/a/202602063643912175.html
无惧“抛售潮”？传奇投资人：软件业每10-15年颠覆一次 科技股再次腾飞在即！,【无惧“抛售潮”？传奇投资人：软件业每10-15年颠覆一次 科技股再次腾飞在即！】在围绕人工智能（AI）的焦虑情绪推动下，全球软件股近期经历了历史性的抛售，并进一步蔓延至更广泛的科技股。虽然在ChatGPT掀起AI热潮的三年中，AI驱动的抛售潮已屡见不鲜，但许多专家仍担心，一场极其惨烈的清算很快到来。,2026-02-06 10:59:30,https://finance.eastmoney.com/a/202602063643911570.html
董事长陈邦为一疑似“骗保”精神病院实控人？爱尔眼科方面回应,【董事长陈邦为一疑似“骗保”精神病院实控人？爱尔眼科方面回应】日前《新京报》曝光湖北襄阳、宜昌多家精神病院骗保事件后，有媒体将被点名的襄阳恒泰康医院与爱尔眼科及其实际控制人陈邦关联。对此情况，爱尔眼科方面回应21记者表示，“襄阳恒泰康医院有限公司并非爱尔眼科体系内企业。该公司为爱尔医疗投资集团有限公司与其他社会资本方合资设立的四级子公司，与爱尔眼科无任何股权关联和业务关系。作为投资人之一，陈邦并不直接参与恒泰康的经营管理。”,2026-02-06 10:56:09,https://finance.eastmoney.com/a/202602063643909035.html
千问：免单送奶茶活动太火爆 正在紧急加资源保障顺畅,【千问：免单送奶茶活动太火爆 正在紧急加资源保障顺畅】2月6日，千问在社交平台发布动态称，免单送奶茶活动太火爆，正在紧急加资源，全力保障顺畅。此前，据第一财经报道，千问上线奶茶免单活动后，部分用户打开活动页面，发现“千问请客”页面无法点击，页面信息显示“系统开小差了，稍后再试吧”。,2026-02-06 10:54:52,https://finance.eastmoney.com/a/202602063643908836.html
凯龙高科三连板 拟收购金旺达完善机器人产业链布局,【凯龙高科三连板 拟收购金旺达完善机器人产业链布局】2月6日，凯龙高科涨停，报34.30元/股，涨幅20.01%，收获三连板。凯龙高科2月4日公告，拟通过发行股份及支付现金方式向许照旺、安义拓荒者购买金旺达70%股权，并向公司实控人臧志成先生发行股份募集配套资金。本次交易前，凯龙高科未持有金旺达股权；交易完成后，金旺达将成为凯龙高科的控股子公司。,2026-02-06 10:54:02,https://finance.eastmoney.com/a/202602063643908415.html
美军称在太平洋东部袭击一艘“贩毒船”打死2人,【美军称在太平洋东部袭击一艘“贩毒船”打死2人】美军南方司令部5日宣称，当日在太平洋东部对一艘“贩毒船”实施打击，打死船上2人。,2026-02-06 10:50:42,https://finance.eastmoney.com/a/202602063643906693.html
SpaceX酝酿打造星链手机？马斯克回应：当前并未研发！,【SpaceX酝酿打造星链手机？马斯克回应：当前并未研发！】周四有消息称，全球首富马斯克旗下SpaceX正考虑开发一款能够直接连接星链（Starlink）的移动设备。对于相关报道，马斯克本人随后进行了澄清。马斯克表示，SpaceX并没有在开发基于星链的手机。,2026-02-06 10:49:57,https://finance.eastmoney.com/a/202602063643907240.html
浙江世宝成立汽车安全系统公司,【浙江世宝成立汽车安全系统公司】企查查APP显示，近日，安庆世特瑞汽车安全系统有限公司成立，法定代表人为来忠，注册资本为1000万元，经营范围包含：汽车零部件及配件制造。企查查股权穿透显示，该公司由浙江世宝旗下芜湖世特瑞转向系统有限公司全资持股。,2026-02-06 10:48:02,https://finance.eastmoney.com/a/202602063643905727.html
港股茶饮股多数上涨 古茗涨超5%创上市来新高,港股茶饮股多数上涨，古茗涨超5%创上市来新高，沪上阿姨、蜜雪集团跟随上涨。消息面上，今日，阿里千问“春节请客计划”正式上线。根据千问App官方发文，首轮免单活动送奶茶。,2026-02-06 10:47:19,https://finance.eastmoney.com/a/202602063643905473.html
领涨！受染料+化肥等催化影响化工ETF涨3%，盘中净申购超2亿份,【领涨！受染料+化肥等催化影响化工ETF涨3%，盘中净申购超2亿份】截至02月06日10:47，化工ETF（159870.SZ）上涨3%，其关联指数细分化工（000813.CSI）上涨3.06%；主要成分股中，万华化学上涨4.41%，浙江龙盛上涨7.67%，天赐材料上涨5.87%，荣盛石化上涨4.64%，巨化股份上涨3.55%。,2026-02-06 10:47:03,https://finance.eastmoney.com/a/202602063643909564.html
优刻得全浸没液冷机柜上架乌兰察布 GPU算力密度提升50%,【优刻得全浸没液冷机柜上架乌兰察布 GPU算力密度提升50%】2月6日记者获悉，优刻得液冷机柜在乌兰察布智算中心正式上架，进入规模化商用阶段。该方案通过精密结构设计，将整机高度从传统6U压缩至4U，支持8张高性能GPU卡，算力密度提升50%。此外，全浸没式液冷技术可使GPU工作温度降低15°C，整体功耗下降15%，运行噪音低于35dB，适用于AI训练、AI 推理、超算等持续高负载场景。,2026-02-06 10:45:22,https://finance.eastmoney.com/a/202602063643904253.html
AI芯片厂商 集体被存储“卡住咽喉”,【AI芯片厂商 集体被存储“卡住咽喉”】存储芯片持续涨价态势正在对AI芯片市场带来普遍影响。近日多家AI芯片大厂陆续发布财报，其中存储芯片涨价成为其中备受关注的话题，这尤其表现在与手机有高度关联的高通和联发科。不仅如此，AMD和Arm也频繁被问及存储涨价对后续业绩的影响。,2026-02-06 10:43:01,https://finance.eastmoney.com/a/202602063643903590.html
名雕股份盘中上演“地天板”,名雕股份盘中上演“地天板”，成交近7亿元，走出6天5板，该股昨日盘中走出“天地板”，今早以跌停开盘。,2026-02-06 10:41:44,https://finance.eastmoney.com/a/202602063643902019.html
中国空间技术研究院研制的陆地探测四号01星、海洋盐度探测卫星转入业务化运行,【中国空间技术研究院研制的陆地探测四号01星、海洋盐度探测卫星转入业务化运行】日前，中国空间技术研究院研制的陆地探测四号01星、海洋盐度探测卫星顺利通过应用系统、地面系统、测控系统、卫星系统联合在轨测试，转入业务化运行阶段。陆地探测四号01星、海洋盐度探测卫星的成功交付，展现了微波遥感领域卫星技术进步，将进一步完善我国海洋、减灾等领域观测体系。,2026-02-06 10:41:12,https://finance.eastmoney.com/a/202602063643901372.html
伊朗军方：我们能够轻易进入美军基地,【伊朗军方：我们能够轻易进入美军基地】当地时间5日，伊朗陆军发言人穆罕默德·阿克拉米尼亚警告说，中东地区的美国军事基地极易受到攻击。阿克拉米尼亚表示，伊朗已做好充分准备应对任何局面。“我们能够轻易进入美军基地，这增加了它们的脆弱性。”,2026-02-06 10:40:22,https://finance.eastmoney.com/a/202602063643900948.html
贵金属概念局部回暖 湖南黄金10天7板,贵金属概念局部回暖，湖南黄金走出10天7板，潮宏基触及涨停，萃华珠宝、晓程科技、中国黄金、四川黄金、华钰矿业跟涨。,2026-02-06 10:37:47,https://finance.eastmoney.com/a/202602063643899265.html
A股三大指数探底回升全线翻红,A股三大指数探底回升全线翻红，创业板指一度跌近2%。中药、化工板块领涨，全市场超3900只个股上涨。,2026-02-06 10:35:15,https://finance.eastmoney.com/a/202602063643895537.html
油气股快速回暖 通源石油涨超10%,油气股快速回暖，通源石油涨超10%，山东墨龙、泰山石油、准油股份、洲际油气、惠博普、中曼石油跟涨。,2026-02-06 10:33:59,https://finance.eastmoney.com/a/202602063643893577.html
沪深两市成交额突破1万亿 较上一日此时缩量超800亿,沪深两市成交额突破1万亿，较上一日此时缩量超800亿。,2026-02-06 10:32:22,https://finance.eastmoney.com/a/202602063643891612.html
国投白银LOF复牌连续第五日跌停,【国投白银LOF复牌连续第五日跌停】国投白银LOF复牌再度跌停，现报3.099元，溢价率回落至28.73%。截至目前，国投白银LOF已连续第五日跌停。,2026-02-06 10:31:10,https://finance.eastmoney.com/a/202602063643889370.html
总台春晚首次设立独家卡牌合作伙伴 卡游马年典藏卡牌将融入节目,【总台春晚首次设立独家卡牌合作伙伴 卡游马年典藏卡牌将融入节目】近日，中央广播电视总台与卡游正式达成合作，宣布卡游成为总台《2026年春节联欢晚会》独家卡牌合作伙伴。,2026-02-06 10:28:48,https://finance.eastmoney.com/a/202602063643888033.html
A股三大指数震荡回升 深成指、沪指翻红 沪深京三市上涨个股近3700只,A股三大指数震荡回升，深成指、沪指翻红，创业板指跌幅收窄。中药、化工、电网、量子科技等方向涨幅居前，沪深京三市上涨个股近3700只。,2026-02-06 10:27:22,https://finance.eastmoney.com/a/202602063643886379.html
电池产业链快速拉升 天际股份冲击涨停,电池产业链快速拉升，天际股份冲击涨停，国城矿业、大中矿业、多氟多、海科新源、清水源、石大胜华、德方纳米、天赐材料跟涨。,2026-02-06 10:25:29,https://finance.eastmoney.com/a/202602063643883912.html
标的指数逆市飘红涨超3%，化工ETF天弘盘中获1500万份净申购，机构：1月化工品价格明显回暖,【标的指数逆市飘红涨超3%，化工ETF天弘盘中获1500万份净申购，机构：1月化工品价格明显回暖】2月6日，A股三大指数集体下跌，中证细分化工产业主题指数截至发稿上涨3.02%，该指数成分股中，浙江龙盛上涨超6%，华峰化学、荣盛石化等多股涨超4%。,2026-02-06 10:24:14,https://finance.eastmoney.com/a/202602063643888529.html
机器人概念股短线拉升 五洲新春触及涨停,机器人概念股短线拉升，五洲新春触及涨停，天奇股份涨超8%，飞荣达、方正电机、万向钱潮跟涨。,2026-02-06 10:24:09,https://finance.eastmoney.com/a/202602063643881465.html
腾讯入局桌面Agent市场 产品WorkBuddy启动内测,【腾讯入局桌面Agent市场 产品WorkBuddy启动内测】2月6日，腾讯云桌面Agent工具“WorkBuddy”启动内测，产品定位为全场景职场AI智能体桌面工作台，这也标志着腾讯正式加入桌面Agent工具市场竞争。据了解，WorkBuddy由腾讯云CodeBuddy团队开发，此前已在腾讯内部推出并启动内测，目前已经有超过2000名不同岗位员工参与使用，在数据处理与分析、构建本地知识库、内容文案创作、海报生成、自动化办公等场景获得广泛应用。,2026-02-06 10:22:32,https://finance.eastmoney.com/a/202602063643879619.html
现货白银日内涨幅扩大至1%,现货白银日内涨幅扩大至1%，现报71.66美元/盎司。,2026-02-06 10:21:14,https://finance.eastmoney.com/a/202602063643877167.html
化工板块持续走高 沧州大化等多股涨停,化工板块盘中持续走高，沧州大化、金牛化工、百川股份涨停，江天化学、双乐股份涨超10%，云图控股、荣盛石化、鲁西化工、万华化学等跟涨。,2026-02-06 10:19:43,https://finance.eastmoney.com/a/202602063643875872.html
海南全省首批开设5家日用消费品免税店 2月11日开业,【海南全省首批开设5家日用消费品免税店 2月11日开业】今天（6日），海南省新闻办公室举行新闻发布会，介绍海南自由贸易港岛内居民消费的进境商品“零关税”政策情况，并答记者问。发布会上介绍，海南全省首批在海口、三亚、儋州三个地级市共开设5家日用消费品免税店，各店定于2月11日南方小年开业。,2026-02-06 10:18:35,https://finance.eastmoney.com/a/202602063643873522.html
生数科技完成超6亿元A+轮融资 创国内视频生成领域最大单笔融资,【生数科技完成超6亿元A+轮融资 创国内视频生成领域最大单笔融资】2月5日，北京多模态生成技术创新企业生数科技宣布完成超6亿元A+轮融资，此轮融资由中关村科学城公司、星连资本领投，万兴科技、视觉中国等上市公司战略投资，原有股东启明创投、北京市人工智能产业投资基金等投资人持续跟投，资金将投向其多模态大模型技术迭代与产业落地。6亿元的融资额，超越了此前由爱诗科技保持的国内视频生成领域的单笔融资额纪录，成为国内视频生成领域最大单笔融资。,2026-02-06 10:17:05,https://finance.eastmoney.com/a/202602063643868169.html
伊朗军方称中东地区美军基地极易受到攻击,【伊朗军方称中东地区美军基地极易受到攻击】据伊朗迈赫尔通讯社5日报道，伊朗陆军发言人穆罕默德·阿克拉米尼亚警告说，中东地区的美国军事基地极易受到攻击。,2026-02-06 10:16:08,https://finance.eastmoney.com/a/202602063643866768.html
韩国综合指数跌幅收窄至2%以内,【韩国综合指数跌幅收窄至2%以内】韩国综合指数回升，跌幅收窄至2%以内，此前一度跌超5%。,2026-02-06 10:14:39,https://finance.eastmoney.com/a/202602063643864165.html
小金属板块回暖 翔鹭钨业涨停,小金属板块回暖，翔鹭钨业涨停，章源钨业、中钨高新、东方钽业、厦门钨业、金钼股份跟涨。,2026-02-06 10:13:20,https://finance.eastmoney.com/a/202602063643863555.html
现货黄金转涨,现货黄金转涨，现涨0.28%，报4790.01美元/盎司，此前一度跌超2.5%。,2026-02-06 10:12:50,https://finance.eastmoney.com/a/202602063643862637.html
创新药概念盘中震荡反弹 广生堂涨超10%,创新药概念盘中震荡反弹，广生堂涨超10%，诺诚健华、舒泰神、科伦药业、三生国健、美迪西、诺思兰德冲高。,2026-02-06 10:11:31,https://finance.eastmoney.com/a/202602063643861561.html
日经225指数转涨,日经225指数转涨，现报53864.82点，此前一度跌超1.6%。,2026-02-06 10:10:46,https://finance.eastmoney.com/a/202602063643859541.html
消费“六注意” 欢乐过大年 中消协发布春节消费提示,【消费“六注意” 欢乐过大年 中消协发布春节消费提示】新春佳节将至，消费市场繁荣活跃。为引导广大消费者树立科学、理性、节约、绿色的消费理念，营造安全、放心、和谐的节日消费环境，中国消费者协会结合近期市场特点与消费者关注话题，发布消费提示。,2026-02-06 10:09:48,https://finance.eastmoney.com/a/202602063643859113.html
美政府发布安全警告 敦促美国公民尽快离开伊朗,【美政府发布安全警告 敦促美国公民尽快离开伊朗】美国东部时间2月5日，美国国务院再次发布安全警告称，伊朗局势依然紧张，敦促美国公民尽快自行离开伊朗，并制定不依赖美国政府协助的离境计划。如暂时无法离境，应就地避险，储备必要物资。,2026-02-06 10:08:27,https://finance.eastmoney.com/a/202602063643857824.html
薅不了一点鹅毛 阿里千问30亿红包免单奶茶链接被微信封了,【薅不了一点鹅毛 阿里千问30亿红包免单奶茶链接被微信封了】阿里千问30亿AI“黑魔法”正式开启。记者关注到，2月6日一早已有大批用户在微信上传播邀好友口令。不过，截至目前，千问红包分享链接已被微信封禁。有网友称，“果然薅不了一点鹅毛”。,2026-02-06 10:06:20,https://finance.eastmoney.com/a/202602063643855440.html
马斯克据悉在SpaceX-xAI交易中采用“三角并购”架构,【马斯克据悉在SpaceX-xAI交易中采用“三角并购”架构】2月6日消息，据报道，马斯克在SpaceX收购xAI时采用了常见的两步并购流程，该流程具有双重优势：既避免了偿还数十亿美元债务，又为股东提供了税收优惠。此举还使SpaceX免于承担xAI的任何法律责任。马斯克并未选择将两家公司合并为一体并全面整合运营，而是决定保留xAI作为SpaceX的全资子公司——该子公司运营着社交媒体平台X并开发了Grok聊天机器人。,2026-02-06 10:04:56,https://finance.eastmoney.com/a/202602063643853896.html
分散染料概念盘中逆势拉升 闰土股份涨停,分散染料概念盘中逆势拉升，闰土股份涨停，锦鸡股份、浙江龙盛、百合花、建新股份、醋化股份跟涨。,2026-02-06 10:02:33,https://finance.eastmoney.com/a/202602063643850268.html
电网设备概念表现活跃 三变科技涨停,电网设备概念表现活跃，三变科技涨停，双杰电气、保变电气、安靠智电、汇金通、新特电气、望变电气、中国西电跟涨。,2026-02-06 10:00:00,https://finance.eastmoney.com/a/202602063643845853.html
技术迭代引发AI应用股调整 赤子城科技跌超4%,【技术迭代引发AI应用股调整 赤子城科技跌超4%】受海外科技股抛售情绪传导影响，港股AI概念股多数走弱。截至发稿，五一视界(06651.HK)跌5.56%、赤子城科技(09911.HK)跌4.73%、浪潮数字企业(00596.HK)跌4.62%、美图公司(01357.HK)跌3.88%、出门问问(02438.HK)跌3.17%。,2026-02-06 09:59:55,https://finance.eastmoney.com/a/202602063643847395.html
我国量子科技研究取得新突破 量子网络走向现实可能,【我国量子科技研究取得新突破 量子网络走向现实可能】中国科学技术大学潘建伟及其同事在可扩展量子网络研究方面取得重大突破；上述突破是我国在量子通信与量子网络领域继“墨子号”量子卫星之后取得的又一里程碑式成果；标志着基于量子纠缠的光纤量子网络正在从理论构想走向现实可能，进一步扩大了我国在该领域的国际领先优势。,2026-02-06 09:57:49,https://finance.eastmoney.com/a/202602063643840715.html
国寿投资公司在管规模6272亿元,【国寿投资公司在管规模6272亿元】2月5日，中国人寿集团旗下国寿投资公司在京召开2026年工作会议。会议披露的“十四五”成绩单显示，国寿投资公司累计签约规模超1万亿元，累计划款规模9214亿元，在管规模6272亿元，居另类保险投资行业首位，服务实体经济在管规模5979亿元。,2026-02-06 09:56:09,https://finance.eastmoney.com/a/202602063643837391.html
i茅台又崩了,【i茅台又崩了】在2月5日出现抢购页面无法访问后，2月6日9:00开始，部分网友反馈茅台抢购页面再次崩溃。,2026-02-06 09:54:27,https://finance.eastmoney.com/a/202602063643832174.html
美伊谈判在即 白宫称特朗普有“诸多选项”,【美伊谈判在即 白宫称特朗普有“诸多选项”】美国白宫发言人莱维特5日就即将进行的美伊谈判表态，称美国除了外交手段外，“还拥有诸多选项可供考虑”。,2026-02-06 09:53:24,https://finance.eastmoney.com/a/202602063643825858.html
日本央行委员增田弘一：为避免工资物价循环出现过度上涨 需谨慎调整政策,【日本央行委员增田弘一：为避免工资物价循环出现过度上涨 需谨慎调整政策】据报道，日本央行委员增田弘一表示，为避免工资物价循环出现过度上涨，需谨慎调整政策。,2026-02-06 09:50:54,https://finance.eastmoney.com/a/202602063643811577.html
港股中医药概念逆市活跃 中国中药一度涨超7%,中医药概念逆市活跃，截至发稿，中国中药(00570.HK)涨5.8%，报2.19港元；位元堂(00897.HK)涨4.35%，报0.36港元；同仁堂国药(03613.HK)涨2.38%，报9.03港元；同仁堂科技(01666.HK)涨1.83%，报4.44港元。,2026-02-06 09:48:13,https://finance.eastmoney.com/a/202602063643802080.html
商业航天概念局部回暖 巨力索具13天7板,商业航天概念局部回暖，巨力索具走出13天7板，中环海陆涨超10%，天马新材、信维通信、神剑股份、金风科技跟涨。,2026-02-06 09:45:59,https://finance.eastmoney.com/a/202602063643787034.html
刚刚，深圳上市公司达600家！,【刚刚，深圳上市公司达600家！】2月6日上午，随着卓正医疗，大族数控在港股敲钟上市，宣告深圳迎来了里程碑时刻：全市上市公司总量突破600家大关，其中，境内上市公司426家，境外上市公司174家。,2026-02-06 09:45:43,https://finance.eastmoney.com/a/202602063643792810.html
叮咚买菜为何盈利期“卖身”美团？创始人内部信曝光！即时零售巨头争夺战打响,【叮咚买菜为何盈利期“卖身”美团？创始人内部信曝光！即时零售巨头争夺战打响】叮咚买菜为何选择在盈利期“卖身”美团？叮咚买菜创始人梁昌霖同日发布的内部信表示，双方合并之后，叮咚的三大核心竞争力：极致的商品力、超预期的服务力、和通过供应链系统打造的极致效率，不会因为合并而消失，反而会在更大的平台上发挥更大的价值。,2026-02-06 09:45:24,https://finance.eastmoney.com/a/202602063643790376.html
光通信概念震荡回升 杭电股份6天5板,光通信概念震荡回升，杭电股份走出6天5板，长飞光纤涨超7%，续创历史新高，长江通信、致尚科技、通光线缆、亨通光电跟涨。,2026-02-06 09:42:18,https://finance.eastmoney.com/a/202602063643762661.html
天合光能：公司未与SpaceX开展任何合作 未有涉及“太空光伏”的相关订单收入,【天合光能：公司未与SpaceX开展任何合作 未有涉及“太空光伏”的相关订单收入】2月5日，天合光能公告，经核实，公司于2010年至2018年期间累计向北美区域客户TeslaMotors及其前身SolarCity供应了规模为775MW的组件，自此之后公司未再与其开展业务合作。截至目前，公司未与SpaceX开展任何合作，亦未签署任何框架性协议或正式协议，未有在手订单。公司目前的光伏组件产品主要应用于地面光伏领域，主营产品应用场景未发生重大变化。,2026-02-06 09:41:17,https://finance.eastmoney.com/a/202602063643752635.html
日本央行审议委员增一行：若经济和物价前景如预期实现 日本央行有望继续加息,日本央行审议委员增一行称，若经济和物价前景如预期实现，日本央行有望继续加息；基础通胀仍低于2%，但已相当接近该水平。,2026-02-06 09:41:10,https://finance.eastmoney.com/a/202602063643754270.html
古巴国家主席：将推进能源转型应对美国石油封锁,【古巴国家主席：将推进能源转型应对美国石油封锁】古巴国家主席迪亚斯-卡内尔5日在一场记者会上说，古巴将采取一系列措施，推动国家能源结构转型，提升可再生能源在电力生产中的比重，应对美国对古巴的新一轮石油封锁。,2026-02-06 09:40:25,https://finance.eastmoney.com/a/202602063643747544.html
抖音在哈尔滨成立巨量引擎信息技术公司,【抖音在哈尔滨成立巨量引擎信息技术公司】企查查APP显示，近日，哈尔滨巨量引擎信息技术有限公司成立，经营范围包含：数字技术服务；计算机系统服务；软件开发等。企查查股权穿透显示，该公司由抖音集团（香港）有限公司间接全资持股。,2026-02-06 09:37:35,https://finance.eastmoney.com/a/202602063643729790.html
千问“崩了”,【千问“崩了”】2月6日，千问上线奶茶免单活动后，部分用户打开活动页面，发现“千问请客”页面无法点击，页面信息显示“系统开小差了，稍后再试吧”。有用户对记者反馈，除活动页面外，问答功能仍可正常使用。,2026-02-06 09:36:02,https://finance.eastmoney.com/a/202602063643719315.html
兰州牛肉拉面迈向千亿元新征程,【兰州牛肉拉面迈向千亿元新征程】在不久前的甘肃省两会现场，一份关于用“AI+元宇宙”技术为兰州牛肉拉面注入新动能的提案，引发了代表委员们的热烈讨论。提出该提案的省政协委员杜擂升指出，门店总数超7.1万家、全产业链营收突破800亿元、正向千亿规模迈进的兰州牛肉拉面产业，其传统发展模式正遭遇数字时代的挑战。,2026-02-06 09:35:17,https://finance.eastmoney.com/a/202602063643736798.html
AI应用端震荡下挫 遥望科技、浙文互联跌停,AI应用端震荡下挫，遥望科技、浙文互联跌停，石基信息、光云科技、宣亚国际、天下秀等纷纷跟跌。,2026-02-06 09:34:37,https://finance.eastmoney.com/a/202602063643711296.html
白酒板块盘初走弱 皇台酒业跌停,白酒板块盘初走弱，皇台酒业跌停，金徽酒、酒鬼酒、舍得酒业等跟跌。,2026-02-06 09:32:56,https://finance.eastmoney.com/a/202602063643699835.html
贵金属概念再遭重挫 湖南白银二连跌停,贵金属概念再遭重挫，湖南白银二连跌停，盛达资源跌停，山金国金、赤峰黄金、豫光金铅、中国黄金、四川黄金、招金黄金低开。消息面上，现货黄金失守4700美元/盎司，现跌1.6%。,2026-02-06 09:31:02,https://finance.eastmoney.com/a/202602063643688992.html
中药板块表现活跃 特一药业、盘龙药业涨停,中药板块表现活跃，特一药业、盘龙药业涨停，生物谷涨超15%，陇神戎发、粤万年青涨超10%，大唐药业、振东制药、佛慈制药跟涨。,2026-02-06 09:27:22,https://finance.eastmoney.com/a/202602063643681150.html
港股蔚来-SW高开2.02%,港股蔚来-SW高开2.02%，公司预计将在2025年第四季度实现单季度盈利。按照公司测算，四季度经调整后的经营利润预计为1亿元至7亿元人民币，这是蔚来自成立以来第一次在单个季度实现盈利。,2026-02-06 09:26:51,https://finance.eastmoney.com/a/202602063643677043.html
A股开盘：三大指数集体低开,【A股开盘：三大指数集体低开】A股开盘，上证指数低开0.87%，深证成指低开1.09%，创业板指低开1.15%。有色金属、油气资源股领跌。,2026-02-06 09:26:03,https://finance.eastmoney.com/a/202602063643672297.html
央行今日开展315亿元7天逆回购操作,央行今日开展315亿元7天逆回购操作，操作利率为1.40%。同时，以固定数量、利率招标、多重价位中标方式开展了3000亿元14天期逆回购操作。,2026-02-06 09:23:19,https://finance.eastmoney.com/a/202602063643669913.html
“HBM之父”：到2038年HBF的存储需求将超越HBM,【“HBM之父”：到2038年HBF的存储需求将超越HBM】近日，被称作“HBM之父”的韩国科学技术院教授金正浩在“HBF研究内容和技术发展战略简报会”上强调，随着人工智能的思考和推理能力变得重要，从文本向语音界面的转变，所需的数据量将不可避免地急剧增加。金正浩预测，由于HBM本身无法应对急剧增加的需求，行业将不可避免地采用HBF。,2026-02-06 09:22:37,https://finance.eastmoney.com/a/202602063643669572.html
港股低开 恒生指数跌1.97%,港股低开，恒生指数跌1.97%，恒生科技指数跌2.42%。明星科网股走弱，百度跌超4%，京东健康、阿里巴巴均跌超3%，快手、哔哩哔哩、网易-S、京东等个股跟跌。,2026-02-06 09:21:40,https://finance.eastmoney.com/a/202602063643669283.html
阿里千问红包分享链接被微信屏蔽,【阿里千问红包分享链接被微信屏蔽】2月6日，阿里千问正式上线“春节30亿免单”，发放奶茶免单卡。记者发现，继微信封杀自家腾讯元宝、百度文心助手后，千问的红包分享链接也被微信屏蔽，页面显示网页存在诱导或误导下载/跳转的内容，需要跳转第三方浏览器访问。同时，部分用户在千问APP点击分享活动至微信好友时，已自动改为复制口令形式。,2026-02-06 09:20:04,https://finance.eastmoney.com/a/202602063643668846.html
拓普集团成立航天科技公司 含火箭发动机业务,【拓普集团成立航天科技公司 含火箭发动机业务】企查查APP显示，近日，宁波拓普航天科技有限公司成立，注册资本1亿元，经营范围包含：航天器及运载火箭制造；民用航空器（发动机、螺旋桨）生产；民用航天发射技术服务；火箭发动机研发与制造等。企查查股权穿透显示，该公司由拓普集团全资持股。,2026-02-06 09:19:01,https://finance.eastmoney.com/a/202602063643665537.html
求是：金融何以是“国之大者”？,【求是：金融何以是“国之大者”？】习近平总书记深刻指出：“金融是‘国之大者’，关系中国式现代化建设全局。”总书记的重要论断，从战略和全局高度阐明了金融工作的极端重要性，揭示了加快建设金融强国的战略意义。,2026-02-06 09:16:55,https://finance.eastmoney.com/a/202602063643658385.html
人民币兑美元中间价报6.9590 下调20点,人民币兑美元中间价报6.9590，下调20点。,2026-02-06 09:16:13,https://finance.eastmoney.com/a/202602063643652172.html
工信部公开征求《工业软件 二维几何约束引擎应用程序接口规范》等13项行业标准报批意见,【工信部公开征求《工业软件 二维几何约束引擎应用程序接口规范》等13项行业标准报批意见】据工信部，根据行业标准制修订计划，相关标准化技术组织已完成电子行业《工业软件 二维几何约束引擎应用程序接口规范》等13项行业标准的编制工作。为进一步听取社会各界意见，现予以公示。,2026-02-06 09:15:35,https://finance.eastmoney.com/a/202602063643639681.html
神剑股份：公司与中科宇航、星河动力、北京蓝箭鸿擎等均有业务合作,【神剑股份：公司与中科宇航、星河动力、北京蓝箭鸿擎等均有业务合作】神剑股份（002361.SZ）2月6日在投资者互动平台表示，公司与中科宇航、星河动力、北京蓝箭鸿擎等均有业务合作。,2026-02-06 09:12:25,https://finance.eastmoney.com/a/202602063643620322.html
胜利精密：公司已经取得头部客户关于复合铜箔产品的技术授权 双方正在积极推动后续合作事项,【胜利精密：公司已经取得头部客户关于复合铜箔产品的技术授权 双方正在积极推动后续合作事项】胜利精密（002426.SZ）2月6日在投资者互动平台表示，公司已经取得头部客户关于复合铜箔产品的技术授权，双方正在积极推动后续合作事项。,2026-02-06 09:10:44,https://finance.eastmoney.com/a/202602063643619022.html
以色列总理称做好严厉打击伊朗准备,【以色列总理称做好严厉打击伊朗准备】总台记者当地时间2月5日获悉，以色列总理内塔尼亚胡当天在出席议会外交与国防委员会的讨论时表示，以色列已做好对伊朗发动“非常严厉打击”的准备。据称目前的打击准备程度及强度“将远超去年6月对伊朗的打击行动”。他同时表示，以色列和美国在伊朗问题上保持密切沟通。,2026-02-06 09:08:48,https://finance.eastmoney.com/a/202602063643592023.html
现货白银日内转涨 此前一度跌近10%,现货白银日内转涨，此前一度跌近10%。,2026-02-06 09:05:55,https://finance.eastmoney.com/a/202602063643575290.html
北斗短信业务正式推出,【北斗短信业务正式推出】记者5日从中国时空获悉，基于中国时空服务能力，中国移动、中国电信、中国联通均已推出北斗短信业务，不仅为应急通信、户外出行、日常联络筑牢安全防线，更广泛赋能健康服务、养老服务、儿童保障等多元民生场景。,2026-02-06 09:05:28,https://finance.eastmoney.com/a/202602063643565293.html
沪锡期货主力合约日内跌超8%,沪锡期货主力合约日内跌超8%，现报348770元/吨。,2026-02-06 09:04:44,https://finance.eastmoney.com/a/202602063643559687.html
小马智行与摩尔线程达成战略合作,【小马智行与摩尔线程达成战略合作】2月6日，小马智行与摩尔线程正式宣布达成战略合作。双方将聚焦L4级自动驾驶技术落地与规模化应用，围绕小马智行的技术核心——世界模型及虚拟司机系统的训练与优化展开深度协同。,2026-02-06 09:03:41,https://finance.eastmoney.com/a/202602063643553564.html
寒潮继续影响中东部 安徽浙江等地将现明显雨雪,【寒潮继续影响中东部 安徽浙江等地将现明显雨雪】寒潮将继续南下影响我国，江南东部部分地区降温幅度将超过12℃。同时，大范围雨雪天气还将持续，随着气温下降，今天安徽、江苏、上海、浙江等地将出现雨雪转换，安徽南部、浙江北部等地部分地区有大雪，局地暴雪。,2026-02-06 09:02:39,https://finance.eastmoney.com/a/202602063643544919.html
富时中国A50指数期货开跌0.76%,富时中国A50指数期货开跌0.76%。,2026-02-06 09:00:17,https://finance.eastmoney.com/a/202602063643529886.html
国内商品期货早盘开盘 主力合约大面积飘绿,国内商品期货早盘开盘，主力合约大面积飘绿。跌幅方面，沪银跌超17%，铂跌近10%，沪锡跌超6%，碳酸锂跌超5%，钯、沪金跌超4%，烧碱跌超3%，沪铜、国际铜、焦煤、多晶硅、PVC跌超2%，沪镍、玻璃跌近2%，工业硅、原油、聚丙烯、塑料、纯苯等跌超1%；涨幅方面，氧化铝、淀粉、白糖、豆粕、胶版纸等小幅上涨。,2026-02-06 09:00:02,https://finance.eastmoney.com/a/202602063643524852.html
千问30亿元免单引爆春节“AI大战” 奶茶免单开启AI购物时代,【千问30亿元免单引爆春节“AI大战” 奶茶免单开启AI购物时代】2月6日一早，千问App“春节30亿元大免单”正式上线，发动“奶茶攻势”，邀请全国人民用AI一句话免费点奶茶。千问App相关人士表示：“我们希望通过春节大免单活动，邀请大家体验AI时代的全新生活方式，让AI融入人们真实的生活消费之中。”,2026-02-06 08:58:13,https://finance.eastmoney.com/a/202602063643517070.html
嫦娥六号月背样品修正月球研究“时间标尺”,【嫦娥六号月背样品修正月球研究“时间标尺”】月球研究“时间标尺”更新了。基于嫦娥六号月背样品，来自中国科学院地质与地球物理研究所等单位的研究团队结合遥感图像，成功修正沿用数十年的月球撞击坑定年模型，首次证实月球正面与背面的陨石撞击频率基本一致，并揭示月球早期撞击事件呈平滑衰减趋势，而非此前假说中的剧烈波动。相关研究成果5日发表于《科学进展》杂志。,2026-02-06 08:56:44,https://finance.eastmoney.com/a/202602063643501798.html
中国打通量子网络“任督二脉” 理论构想走向现实可能,【中国打通量子网络“任督二脉” 理论构想走向现实可能】近日，中国科学家在量子通信领域取得关键突破，构建出首个真正可扩展的量子网络中继单元。这一成果与另一项新型加密技术的结合，不仅在11公里光纤中完成了最高安全等级的通信验证，更将安全成码距离推进至100公里，标志着我国在远距离量子通信实用化道路上迈出决定性一步。,2026-02-06 08:55:42,https://finance.eastmoney.com/a/202602063643496065.html
为无人驾驶时代铺设中国“安全基座”,【为无人驾驶时代铺设中国“安全基座”】一辆自动驾驶汽车平稳驶上庞大的多自由度平台，车轮随之转动，模拟着真实道路的行驶状态。一旁，由众多仪器构成的模拟测试系统正在运行。在虚拟世界中，系统悄然向这辆车注入无数极端场景：前方突然出现的行人、侧方疾驰而过的车辆、瞬间变幻的雨雪天气……“传统路测需要半年才能遇到的危险场景，如今只需3天就能全部‘考’完。”西安建筑科技大学校长、长安大学教授赵祥模表示。,2026-02-06 08:54:08,https://finance.eastmoney.com/a/202602063643488956.html
低位重仓做多高位精准阻击 中财期货席位成白银期货超级行情大赢家！,【低位重仓做多高位精准阻击 中财期货席位成白银期货超级行情大赢家！】在白银市场经历剧烈调整时，中财期货席位在1月29日的2.5万手空单，在5个交易日内浮盈或超40亿元。记者发现，中财期货席位在此前白银期货加速上涨时悄然建立空头头寸，并成为第一大空头席位，但这并非该席位首次建仓空单。而该席位在2023年、2024年白银相对低位时，曾是沪银期货的第一大多头，在2025年上半年亦是多头主力。,2026-02-06 08:52:28,https://finance.eastmoney.com/a/202602063643478980.html
美伊谈判前夕 伊朗展示先进弹道导弹,【美伊谈判前夕 伊朗展示先进弹道导弹】当地时间4日晚，伊朗伊斯兰革命卫队公布一处地下导弹设施，并展示其中已进入实战部署状态的“霍拉姆沙赫尔-4”型弹道导弹，这是伊朗最先进的弹道导弹之一。,2026-02-06 08:48:58,https://finance.eastmoney.com/a/202602063643473234.html
中信证券：具备药险资源整合能力与技术壁垒的平台型公司 有望脱颖而出,【中信证券：具备药险资源整合能力与技术壁垒的平台型公司 有望脱颖而出】中信证券认为，在基本医保管理边界逐渐明晰的趋势下，商保有望成为医疗健康产业支付端的核心增量，当前政策红利、数据资产与商业健康险产品迭代共振有望开启医疗健康产业多元化支付体系发展新周期。,2026-02-06 08:48:45,https://finance.eastmoney.com/a/202602063643473329.html
两市融资余额减少117.57亿元,【两市融资余额减少117.57亿元】截至2月5日，上交所融资余额报13434.77亿元，较前一交易日减少49.55亿元；深交所融资余额报13119.17亿元，较前一交易日减少68.02亿元；两市合计26553.94亿元，较前一交易日减少117.57亿元。,2026-02-06 08:48:06,https://finance.eastmoney.com/a/202602063643472947.html
电气风电再获576MW海风订单,【电气风电再获576MW海风订单】据电气风电消息，继2月2日获福建华电长乐55万千瓦海上风电项目后，近日，申能海南CZ2海上风电示范项目二期风力发电机组（含塔筒）设备采购标段I、II中标结果公示，公示内容显示，电气风电均位列第一中标候选人。两个标段中标总容量为576MW。,2026-02-06 08:45:14,https://finance.eastmoney.com/a/202602063643471522.html
消息称英伟达RTX60系列显卡将推迟 预计2027年底才会大规模生产,【消息称英伟达RTX60系列显卡将推迟 预计2027年底才会大规模生产】由于行业内存涨价潮致供应紧张，以及公司将产能优先倾斜至AI芯片，英伟达将推迟RTX 50系列SUPER显卡的发布计划。受此影响，面向游戏玩家的下一代产品线RTX 60系列也将延后量产，预计要到2027年底才会启动大规模生产，这意味着该系列显卡可能要到2028年甚至更晚才会上市。,2026-02-06 08:40:26,https://finance.eastmoney.com/a/202602063643471245.html
现货金银回升 现货黄金跌幅收窄至1%以内,现货金银回升，现货黄金跌幅收窄至1%以内，此前跌超2.5%，现货白银跌幅收窄至2.3%，此前跌9%。,2026-02-06 08:36:58,https://finance.eastmoney.com/a/202602063643470928.html
