,0
0,第0条：热门中概股盘前多数走高，金山云涨超7%，哔哩哔哩涨近4%，百度、小马智行涨超2%，阿里巴巴涨超1%。
1,第1条：美股存储板块盘前走强。美光科技涨4%，闪迪涨超3%，西部数据涨近3%，希捷科技涨超2%。
2,第2条：【南向资金净卖逾6亿港元，逾10亿抢筹腾讯控股】南向十大成交股中，腾讯控股、中国人寿、长飞光纤光缆分别获净买入10.24亿港元、5.11亿港元、3.55亿港元。中国移动、紫金矿业、中芯国际分别遭净卖出11.47亿港元、8.43亿港元、5.53亿港元。
3,第3条：【央行：建立打击治理洗钱违法犯罪常态化工作机制 进一步提升反洗钱监测分析能力】中国人民银行2026年1月22日召开2026年反洗钱工作会议。会议要求，2026年要充分认识反洗钱工作面临的新形势新要求，认真做好当前和今后一段时期反洗钱重点工作。
4,第4条：【强瑞技术：2025年净利同比预增38.39%—64.02%】强瑞技术(301128)1月27日发布业绩预告，预计2025年归母净利1.35亿元—1.6亿元，同比增长38.39%—64.02%。
5,第5条：【索菱股份：高新投集团拟减持公司不超3%股份】索菱股份(002766)1月27日公告，公司持股8.86%的股东高新投集团计划通过大宗交易和集中竞价相结合的交易方式，减持公司股份不超过2591.68万股(占公司总股本的3%)。
6,第6条：【海鸥股份：截至目前公司暂无CDU产品营业收入】海鸥股份1月27日在互动平台表示，公司子公司TCT为曙光数创的授权经销商，根据约定双方开展数据中心基础设施液冷设备（含设备安装调试服务）的销售授权产品合作，公司不生产CDU产品，截至目前公司暂无CDU产品营业收入。
7,"第7条：【拓尔思：预计2025年净利润亏损2.50亿元-3.10亿元】拓尔思(300229.SZ)公告称，拓尔思预计2025年归属于上市公司股东的净利润亏损2.50亿元-3.10亿元，上年同期为-9,414.56万元。"
8,第8条：【永鼎股份：2025年净利同比预增226%-388%】1月27日，永鼎股份(600105.SH)公告称，预计2025年度归属于上市公司股东的净利润为2亿元-3亿元，同比增加225.66%-388.48%。
9,"第9条：【金龙汽车：预计2025年归母净利润约4.63亿元 同比增长193.68%】金龙汽车1月27日公告，公司预计2025年年度归属于上市公司股东的净利润约46,326万元（未经审计），与上年同期相比，将同比增长193.68%。"
10,第10条：【宝胜股份：2025年预亏3000万元—4500万元】宝胜股份(600973)1月27日披露业绩预告，预计2025年度实现归属于上市公司股东的净利润为-3000万元至-4500万元，同比减少亏损2.55亿元到2.7亿元。
11,第11条：【楚江新材：2025年净利同比预增60.97%—95.78%】楚江新材(002171)1月27日发布业绩预告，预计2025年归母净利润为3.7亿元—4.5亿元，同比增长60.97%—95.78%。
12,第12条：【招商证券业绩快报：2025年净利润123亿元 同比增长18.43%】招商证券(600999)1月27日发布2025年度业绩快报，2025年营业总收入为249亿元，同比增长19.19%；归属于母公司股东的净利润123亿元，同比增长18.43%；基本每股收益1.35元。
13,第13条：【三部门：政府举办或参与举办的经营性公墓收取的墓位使用费实行政府指导价管理】国家发展改革委、民政部、财政部发布关于进一步完善殡葬服务收费政策的通知。各类殡葬服务机构收取的生态安葬费，城镇公益性公墓（骨灰堂）、政府举办或参与举办的经营性公墓（骨灰堂）收取的墓位使用费、格位使用费、维护管理费，收费标准由省级发展改革部门会同同级财政、民政部门制定，或者经省级人民政府授权由地级及以上人民政府制定，具体实行政府指导价管理。
14,第14条：【央行：去年四季度末人民币普惠小微贷款余额36.57万亿元 同比增长11.1%】中国人民银行统计，2025年四季度末，人民币普惠小微贷款余额36.57万亿元，同比增长11.1%，增速比各项贷款高4.7个百分点，全年增加3.63万亿元。
15,第15条：【吉林力推具身智能产业化落地】吉林省第十四届人民代表大会第五次会议27日在长春开幕。在吉林省政府工作报告中，“具身智能”被列为今年重点推进的产业方向，释放出老工业基地加快布局人工智能新赛道、推动制造业转型升级的政策信号。
16,第16条：【机构：预估2030年全球REEV年销量将达300万台 较2025年实现翻倍成长】TrendForce集邦咨询预估，在政策弹性、技术成熟度、市场接受度的支撑下，2030年全球REEV年销量将可达300万台，较2025年实现翻倍成长。
17,第17条：【臻镭科技预计2025年归母净利润增529.64%至642.26%】1月27日，臻镭科技（688270）发布公告，预计2025年年度实现归母净利润为1.23亿元到1.45亿元，同比增加529.64%到642.26%。
18,第18条：黄金主题LOF1月27日公告，1月28日起暂停A类人民币份额申购及定期定额投资业务。
19,第19条：【央行：2025年四季度末本外币高新技术企业贷款余额18.61万亿元 同比增长7.5%】中国人民银行统计，2025年四季度末，获得贷款支持的高新技术企业26.54万家，获贷率为57.3%，比上年末高0.4个百分点。本外币高新技术企业贷款余额18.61万亿元，同比增长7.5%，增速比各项贷款高1.3个百分点。
20,第20条：【央行：2025年四季度末本外币工业中长期贷款余额26.63万亿元 同比增长8.4%】中国人民银行统计，2025年四季度末，本外币工业中长期贷款余额26.63万亿元，同比增长8.4%，增速比各项贷款高2.2个百分点，全年增加2.11万亿元。
21,第21条：【央行：2025年四季度末本外币住户贷款余额83.28万亿元 同比增长0.5%】中国人民银行统计，2025年四季度末，本外币住户贷款余额83.28万亿元，同比增长0.5%，全年增加4412亿元。其中，经营性贷款余额25.11万亿元，同比增长4.0%，全年增加9378亿元。
22,第22条：【宁波富邦：2025年净利同比预增3099.59%至4379.43%】宁波富邦(600768)1月27日发布业绩预告，预计2025年度净利润为5000万元到7000万元，同比增长3099.59%到4379.43%。
23,第23条：【弘信电子：2025年净利同比预增93.61%—164.01%】弘信电子(300657)1月27日发布业绩预告，预计2025年归母净利1.1亿元—1.5亿元，同比增长93.61%—164.01%。
24,第24条：【央行：2025年四季度末人民币房地产贷款余额51.95万亿元 同比下降1.6%】中国人民银行统计，2025年四季度末，人民币房地产贷款余额51.95万亿元，同比下降1.6%，全年减少9636亿元。2025年四季度末，房地产开发贷款余额13.16万亿元，同比下降3.0%，全年减少3575亿元。
25,第25条：【央行：2025年四季度末个人住房贷款余额37.01万亿元 同比下降1.8%】中国人民银行统计，2025年四季度末，人民币房地产贷款余额51.95万亿元，同比下降1.6%，全年减少9636亿元。2025年四季度末，房地产开发贷款余额13.16万亿元，同比下降3.0%，全年减少3575亿元。个人住房贷款余额37.01万亿元，同比下降1.8%，全年减少6768亿元。
26,第26条：【二手房挂牌量出现新趋势 北京上海变化显著】随着核心城市二手房市场成交持续回暖，部分城市二手房挂牌量正在悄然下降。以上海为例，随着新增挂牌量放缓、成交速度加快，上海的二手房总体挂牌量已基本回归至去年2月份水平，前期堆积的库存正在逐步消化。上海链家称，该平台二手房库存挂牌量已连续9个月下降。
27,第27条：【央行：2025年四季度末固定资产贷款余额77.52万亿元 同比增长6.9%】中国人民银行统计，2025年四季度末，金融机构人民币各项贷款余额271.91万亿元，同比增长6.4%，全年人民币贷款增加16.27万亿元。2025年四季度末，本外币企事业单位贷款余额186.21万亿元，同比增长8.9%，增速比上季度末高0.7个百分点，全年增加15.24万亿元。分用途看，固定资产贷款余额77.52万亿元，同比增长6.9%，全年增加5.03万亿元。
28,第28条：【国投白银LOF：将于1月28日开市起至当日10:30停牌】国投白银LOF公告，本基金将于2026年1月28日开市起至当日10:30停牌，自2026年1月28日10:30复牌。若本基金2026年1月28日二级市场交易价格溢价幅度未有效回落，本基金有权通过向深圳证券交易所申请盘中临时停牌、延长停牌时间等措施，向市场警示风险，具体以届时公告为准。
29,"第29条：【美国企业对特定陀螺稳定电动独轮车及其组件和下游产品提起337调查申请】据商务部官网，2026年1月21日，美国Inventist, Inc.、美国Alien Technology Group, Inc. d/b/a Alien Rides根据《美国1930年关税法》第337节规定向美国际贸易委员会提出申请，主张对美出口、在美进口及销售的特定陀螺稳定电动独轮车及其组件和下游产品侵犯其专利权，请求发起337调查，并发布普遍排除令、有限排除令和禁止令。中国五家企业涉案。"
30,第30条：【国盾量子：预计2025年归母净利润500万元左右 同比扭亏为盈】国盾量子1月27日公告，预计2025年实现营业收入3.1亿元左右。预计2025年归母净利润500万元左右，上年同期亏损3184.14万元。
31,第31条：【李强签署国务院令 公布修订后的《中华人民共和国药品管理法实施条例》】国务院总理李强日前签署国务院令，公布修订后的《中华人民共和国药品管理法实施条例》（以下简称《条例》），自2026年5月15日起施行。
32,第32条：【南都物业：2025年净利同比预增311%—425%】南都物业(603506)1月27日公告，预计2025年实现净利润9000万元到1.15亿元，同比增加310.86%到424.99%。
33,第33条：【海新能科预计2025年净利亏损4.5亿—6.4亿元】1月27日晚间，海新能科（300072）发布2025年度业绩预告显示，公司预计全年实现归属净利润约为-6.4亿元至-4.5亿元，上年同期为-9.54亿元。
34,第34条：【重庆港：预计2025年归母净利润同比减少89.58%-93.05%】重庆港1月27日公告，预计2025年归母净利润3676.47万元-5513.71万元，同比减少89.58%-93.05%。
35,第35条：【金马游乐：预计2025年度归母净利润同比增长811.17%-1069.56%】金马游乐1月27日公告，预计2025年度归母净利润6700万元-8600万元，同比增长811.17%-1069.56%。
36,第36条：【东方证券：2025年净利同比预增67.8%】东方证券(600958)1月27日公告，预计2025年度实现归属于母公司所有者的净利润56.2亿元，与上年同期相比，同比增加67.8%。
37,第37条：【恒瑞医药：子公司HRS-5346片被纳入突破性治疗品种名单】1月27日，恒瑞医药(600276.SH)公告称，公司子公司山东盛迪医药的HRS-5346片被国家药品监督管理局药品审评中心纳入突破性治疗品种名单。
38,第38条：【绿联科技今日大宗交易折价成交240.47万股 成交额1.44亿元】1月27日，绿联科技大宗交易成交240.47万股，成交额1.44亿元，占当日总成交额的21.21%，成交价60元，较市场收盘价70元折价14.29%。
39,第39条：【铜冠铜箔：预计2025年归母净利润5500万元-7500万元 同比扭亏为盈】铜冠铜箔1月27日公告，预计2025年度归母净利润5500万元-7500万元，上年同期亏损1.56亿元。
40,第40条：【国家疾控局：我国尚未发现尼帕病毒病例】国家疾控局介绍，本次印度暴发的尼帕病毒病疫情，主要发生在西孟加拉邦，与我国没有领土接壤。尼帕病毒病主要通过直接接触感染的动物、病人及污染物传播，病毒环境存活力弱，一般民众接触感染机会较少。综合研判，此次印度尼帕病毒病疫情对我国产生的影响相对较小。目前，我国尚未发现尼帕病毒病病例。但也存在一定境外输入风险，需加强防范。
41,第41条：【“私募魔女”李蓓再次高喊地产“十年一遇大拐点” 业内怎么看？】近日，被称为“私募魔女”的半夏投资创始人李蓓，在接受媒体采访时表示，基于供给侧大出清、总量周期性回升等因素，半年内地产或出现“十年一遇的机会”。
42,"第42条：【曹操出行：现金对价6500万元收购吉利商务全部股权】曹操出行1月27日在港交所公告，于2025年12月30日（交易时段后），本公司的间接全资附属公司苏州优行与吉利控股及吉利商务订立股权收购协议。根据该协议，苏州优行同意收购，且吉利控股同意出售吉利商务的全部股权，现金对价为人民币65,000,000元。"
43,第43条：【百奥泰：2025年预亏2.8亿元—3.9亿元】百奥泰(688177)1月27日公告，预计2025年度实现归属于母公司所有者的净利润为-2.8亿元到-3.9亿元，同比减少亏损1.2亿元到2.3亿元。
44,第44条：【东田微：2025年净利润同比预增71.98%~97.06%】东田微(301183)1月27日公告，预计2025年净利润9600万元~1.1亿元，同比增长71.98%~97.06%。
45,第45条：【柳工：2025年净利润同比预增15%~25%】柳工(000528)1月27日发布业绩预告，预计2025年净利润15.26亿元~16.59亿元，同比增长15%~25%。报告期内，国内工程机械尤其是土方机械需求受行业周期性及宏观政策影响，在上年度筑底反弹的基础上稳定增长，国际工程机械市场整体也呈现企稳复苏态势。
46,第46条：【星辰天合递交港股IPO申请】1月27日，据港交所披露，北京星辰天合科技股份有限公司向香港交易所主板递交上市申请书，华泰国际为独家保荐人。
47,第47条：【旅游业对海南GDP综合贡献率超三成】记者从27日开幕的海南省第七届人民代表大会第五次会议上获悉，“十四五”期间，海南旅游业国际影响力大幅提升，对本省GDP综合贡献率达33.4%。
48,第48条：【艾森股份：拟投资20亿元建设集成电路材料华东制造基地项目】艾森股份公告，公司拟在南通市经济技术开发区设立全资子公司，投资建设艾森集成电路材料华东制造基地项目，总投资预计20亿元。项目分两期建设，一期预计2028年投产，二期预计2030年投产，整体项目预计于2035年达产。
49,第49条：【存储超级周期苹果也“低头” 已接受巨头一倍涨价 iPhone18价格压不住了？】存储涨价潮下，供应商话语权渐增，连苹果也扛不住了。据韩媒ZDNet今日消息，三星电子与SK海力士已完成和苹果的谈判，将大幅上调今年第一季度供应的苹果iPhone低功耗DRAM（LPDDR）价格。其中，三星报价较前一季度涨幅超过80%，SK海力士给出的涨幅接近100%。
50,第50条：【0.13倍PB的无奈：九江银行获两大股东“输血”】1月23日，九江银行（06190）披露新一轮内资股非公开发行进展，两大核心股东九江市财政局、兴业银行拟“顶格”参与认购。目前，该行的市净率（PB）已跌至罕见的0.13倍，而52周跌幅更是高达73.78%。
51,第51条：【旭光电子：2025年净利同比预增51.25%—65.89%】旭光电子(600353)1月27日披露2025年度业绩预告，预计2025年实现归属于母公司所有者的净利润1.55亿元到1.7亿元，同比增加51.25%到65.89%。
52,第52条：【中国通号400MHz数字无线列调系统开通运营】据中国通号消息，近日，一列悬挂“娄益线电气化开通首趟值乘出征仪式”横幅的列车从娄底东站驶出，标志着中国通号自主研制的400MHz数字无线列调系统（DRTD），在中国铁路广州局集团公司益湛铁路益阳至娄底段正式投入运营。
53,第53条：【行业人士：预测存储短缺或至少持续两到三年】全球EDA和半导体IP领域的龙头企业新思科技（Synopsys）首席执行官在接受采访时表示，芯片“短缺”现象将在2026年和2027年持续下去。
54,第54条：【马斯克力推太空光伏 为何看上的是异质结技术？】相较于刚起步应用的异质结电池，以及尚处于研发和验证早期的钙钛矿电池，砷化镓在当前阶段能够提供更为稳定和优越的性能保障。但两位券商研究人员近日对界面新闻表示，马斯克更看好异质结技术。
55,第55条：【中通客车：预计2025年归母净利润同比增长28.28%-64.36%】中通客车1月27日公告，预计2025年实现归母净利润3.2亿元-4.1亿元，同比增长28.28%-64.36%。
56,第56条：【南京“房票超市”推新概念 “全城通兑”和“电子房票”来了】1月26日，南京印发了《关于加快培育新质生产力推动高质量发展的若干政策（2026年版）》。关于房地产市场，该政策明确推动既有库存商品房全部纳入房票超市，推行“全城通兑”和“电子房票”，满足被征收群众安置需求。
57,第57条：【在岸人民币兑美元16:30收盘 较上一交易日跌4点】在岸人民币兑美元北京时间16:30官方收报6.9576，较上一交易日官方收盘价跌4点。
58,第58条：【香港：12月出口同比增长26.1% 高于市场预期】香港12月进口同比增长30.6%，预估为增长19.9%；12月出口同比增长26.1%，预估为增长16.8%。香港12月贸易逆差633亿港元，预估为逆差498亿港元。
59,第59条：【信安世纪：2025年预盈7400万元—8800万元 同比扭亏为盈】信安世纪(688201)1月27日披露2025年业绩预告，预计2025年度实现归属于母公司所有者的净利润7400万元到8800万元。2024年，归属于母公司所有者的净利润-4781.76万元，此次预计业绩实现扭亏为盈。
60,第60条：【晶品特装：3年内公司被禁止参加武警部队范围物资工程服务采购活动】晶品特装公告，军队采购网于2026年1月26日发布公告，武警部队采购管理部门根据军队供应商管理相关规定禁止公司自2026年1月26日起3年内参加武警部队范围物资工程服务采购活动。
61,第61条：【新锦动力：预计2025年归母净利润4000万元-5000万元 同比扭亏为盈】新锦动力1月27日公告，预计2025年度实现营业收入7亿元-8亿元，上年同期营业收入5.52亿元。预计2025年度归属母公司净利润4000万元-5000万元，上年同期亏损1.66亿元。
62,第62条：【新金路：预计2025年全年净亏损1.80亿元—2.28亿元】新金路发布年度业绩预告，预计2025年全年归属于上市公司股东的净利润为亏损1.80亿元至2.28亿元；预计2025年全年归属于上市公司股东的扣除非经常性损益的净利润为亏损1.78亿元至2.30亿元。
63,第63条：【恩威医药：初步确定询价转让价格为26.54元/股】恩威医药公告，根据2026年1月27日询价申购情况，初步确定本次询价转让价格为26.54元/股。
64,第64条：【海翔药业：地夸磷索钠原料药上市申请获批】海翔药业公告，公司收到国家药品监督管理局核准签发的地夸磷索钠《化学原料药上市申请批准通知书》。该原料药为公司生产，适应证为干眼症治疗（作为P2Y2受体激动剂，用于其滴眼液制剂）。
65,"第65条：【智明达：2025年净利润同比预增414%左右】智明达披露业绩预告。经财务部门初步测算，预计2025年实现营业收入为68,000万元左右，同比增长55%左右；预计实现归属于母公司所有者的净利润为10,000万元左右，同比增长414%左右。"
66,第66条：【华盛锂电：拟将回购股份价格上限由32元/股调整为150元/股】华盛锂电公告，为保障回购股份方案顺利实施，公司拟将回购价格上限由32.00元/股（含）调整为150.00元/股（含）。
67,第67条：【1月27日涨停复盘：59只股涨停 白银有色6连板】涨停个股数量方面，今日共计59股涨停，另有24只个股盘中一度触及涨停，封板率71.08%。
68,第68条：【专家：银价短期或跌回90美元之下】中国外汇投资研究院研究总监李钢对表示，对白银而言，在避险逻辑之外，还叠加了新能源、工业需求预期改善的放大效应，因此涨幅和波动明显强于黄金。在李钢看来，不排除银价短期跌回100美元/盎司乃至90美元/盎司之下可能。
69,第69条：【中国中铁：公司承建了海南商业航天发射场2号发射工位等项目】中国中铁1月27日在互动平台表示，公司承建了海南商业航天发射场2号发射工位等项目。
70,第70条：【力鼎光电：2025年净利同比预增42.59%—65.4%】力鼎光电(605118)1月27日公告，预计2025年度净利润为2.5亿元到2.9亿元，同比增长42.59%到65.4%。
71,第71条：【南亚新材：预计2025年归母净利润同比增长337.20%-416.69%】南亚新材1月27日公告，预计2025年归母净利润2.2亿元-2.6亿元，同比增长337.20%-416.69%。
72,第72条：【康希诺：预计2025年归母净利润2450万元-2900万元 同比扭亏为盈】康希诺1月27日公告，预计2025年实现营业收入10.4亿元-10.8亿元，同比增长22.88%-27.61%；归属母公司净利润2450万元-2900万元，上年同期亏损3.79亿元。
73,第73条：【岳阳林纸：2025年预亏2亿元到2.6亿元 同比由盈转亏】岳阳林纸(600963)1月27日公告，预计2025年度公司净利润亏损2亿元到2.6亿元，上年同期净利润1.67亿元，同比由盈转亏。
74,第74条：【神农集团：2025年净利同比预降44.09%至54.43% 生猪销售价格下降】神农集团(605296)1月27日公告，预计2025年实现归属于母公司所有者的净利润为3.13亿元至3.84亿元，同比减少44.09%到54.43%。
75,第75条：【晋亿实业：预计2025年净利同比增加61%到100%】晋亿实业(601002)1月27日公告，预计2025年度归属于上市公司股东的净利润为2.1亿元到2.6亿元，同比增加61%到100%。
76,第76条：【力源信息：预计2025年归母净利润同比增长62.56%-82.88%】力源信息1月27日公告，预计2025年实现营业收入约88.5亿元，同比增长约13.16%；归母净利润1.6亿元-1.8亿元，同比增长62.56%-82.88%。
77,第77条：【光威复材：2025年净利润同比减少18.86%】光威复材发布2025年度业绩快报，报告期内公司实现营业收入28.59亿元，同比增长16.68%；归属于上市公司股东的净利润6.01亿元，同比减少18.86%；基本每股收益0.72元，同比减少19.40%。
78,第78条：【1月27日港股收盘：恒指涨1.35% 中国人寿领涨成分股】恒生指数收报27126.95点，涨361.43点，涨幅1.35%；恒生科技指数收报5754.72点，涨28.73点，涨幅0.5%。恒生指数成分股中中国人寿、友邦保险、石药集团涨幅居前，恒隆地产、翰森制药、中升控股跌幅靠前。
79,第79条：【飞南资源：2025年净利同比预增102.51%~157.03%】1月27日，飞南资源(301500.SZ)公告称，飞南资源发布2025年度业绩预告，预计归属于上市公司股东的净利润为2.60亿元至3.30亿元，比上年同期增长102.51%至157.03%。
80,第80条：【飞沃科技收购光合空间60%股权 后者含火箭发动机业务】企查查APP显示，近日，四川光合空间科技有限公司发生工商变更，新增飞沃科技为大股东，持股60%。
81,第81条：【华钰矿业：2025年净利同比预增215.8%到255.28%】华钰矿业(601020)1月27日公告，预计2025年度实现归属于上市公司股东的净利润为8亿元到9亿元，同比增加215.8%到255.28%。
82,第82条：【沐曦股份发布曦索X系列科学智能GPU】1月27日，在2026“智算申城”高峰论坛上，沐曦股份发布曦索X系列科学智能GPU。该公司联合创始人、CTO兼首席硬件架构师彭莉说，这将赋能AI4S（AI for Science）创新生态。
83,第83条：【欧洲主要股指开盘集体上涨】欧洲主要股指开盘集体上涨。欧洲斯托克50指数涨0.33%，英国富时100指数涨0.38%，法国CAC40指数涨0.18%，德国DAX30指数涨0.26%，富时意大利MIB指数涨0.33%。
84,第84条：【印度航运公司正在规划印度迄今规模最大的造船项目】印度航运公司（SCI）正在规划印度迄今规模最大的造船项目，涉及8艘88000立方米超大型气体运输船（VLGC），总造价约9.5亿美元，以此计算，单船造价约1.19亿美元。
85,"第85条：【怡球资源：2025年净利同比预增620%-970%】怡球资源(601388.SH)公告称，预计2025年年度归属于上市公司股东的净利润为1.34亿元至1.99亿元，与上年同期1,854.95万元相比，同比增长620%至970%。"
86,第86条：西班牙第四季度失业率为9.93%，预期10.2%，前值10.45%。
87,第87条：【厦钨新能：2025年净利润同比增长41.83%】厦钨新能发布2025年度业绩快报，报告期内公司实现营业收入200.34亿元，同比增长47.84%；归属于上市公司股东的净利润7.55亿元，同比增长41.83%；基本每股收益1.50元，同比增长18.11%。
88,第88条：【红塔证券：2025年净利润同比预增59.05%】红塔证券(601236)1月27日公告，经财务部门初步测算，预计2025年度实现归属于母公司所有者的净利润为12.15亿元，同比增长59.05%。
89,第89条：【白云机场：预计2025年归母净利润同比增长38.21%-68.92%】白云机场1月27日公告，预计2025年度归母净利润12.8亿元-15.64亿元，同比增长38.21%-68.92%。
90,第90条：【步长制药：预计2025年归母净利润约3.2亿元到4.68亿元 同比扭亏为盈】步长制药1月27日公告，预计2025年度归母净利润约3.2亿元到4.68亿元，上年同期亏损5.54亿元。
91,第91条：【山西焦化：预计2025年归母净利润同比减少66.31%-71.82%】山西焦化1月27日公告，预计2025年度归母净利润7415.15万元-8865.15万元，同比减少66.31%-71.82%。
92,第92条：【华勤技术：正研发适用于柔性制造的轮式机器人 预计今年6月可实现交付】华勤技术在互动平台表示，公司当前在机器人领域目标成为3C制造领域全栈式机器人解决方案头部供应商。针对工业制造场景的需求，公司正研发适用于柔性制造的轮式机器人，预计今年6月可实现交付。
93,第93条：【博迁新材：2025年净利同比预增128.63%到174.36% 公司高端镍粉出货量增长】博迁新材(605376)1月27日公告，公司预计2025年度实现归属于母公司所有者的净利润为2亿元到2.4亿元，同比增长128.63%到174.36%。
94,第94条：【智动力：2025年预亏1.2亿元—1.5亿元】智动力(300686)1月27日发布业绩预告，预计2025年归母净利亏损1.2亿元—1.5亿元，上年同期亏损1.55亿元。
95,第95条：【北京一门店欠租千万？永辉超市否认：商场方对外存在债务纠纷】近日，知名商超永辉超市（601933.SH）北京一门店暂停营业引发关注，物业方投诉永辉超市欠费超1600万。
96,第96条：【交通运输部：春节假期免收7座及以下小型客车通行费】记者从交通运输部了解到，2026年综合运输春运自2月2日开始至3月13日结束，共40天。近日，交通运输部印发《关于做好2026年道路水路春运服务保障工作的通知》，明确延续春节假期免收7座及以下小型客车通行费政策。
97,第97条：【巨星农牧：预计2025年归母净利润同比下降93.06%-94.99%】巨星农牧1月27日公告，预计2025年度归属母公司净利润2600万元-3600万元，同比减少93.06%-94.99%。
98,第98条：【央行北京分行：2025年末北京地区科技型中小企业、养老产业贷款同比分别增长21.9%、77.7%】记者今日从人民银行北京分行获悉，2025年末，北京地区科技型中小企业、绿色领域、普惠小微、养老产业贷款同比分别增长21.9%、12.2%、11.6%和77.7%。
99,"第99条：【2025年末北京人民币各项贷款余额12.09万亿元 同比增长4.9%】记者今日从人民银行北京分行获悉，初步统计2025年北京社会融资规模增量18,984.3亿元。2025年末人民币各项贷款余额12.09万亿元，同比增长4.9%，全年新增5629.3亿元，对于实体经济的信贷支持保持在较高水平。"
100,第100条：【理想汽车：今年会调整关闭少量低效门店】近期，有媒体报道称，理想汽车计划在2026年上半年关闭约100家低效零售门店。1月27日，理想汽车对此回应中国证券报·中证金牛座记者称，今年会调整关闭少量低效门店，此举是正常的经营调整，不影响公司正常经营，网传“关闭100家门店”为不实信息。
101,第101条：【2025年12月北京新发放一般贷款加权平均利率2.88% 同比下降25个基点】记者今日从人民银行北京分行获悉，2025年12月新发放一般贷款加权平均利率2.88%，同比下降25个基点。企业贷款加权平均利率2.34%，同比下降31个基点。
102,第102条：【苹果Siri“偷听”集体诉讼和解 已有用户收到赔偿】据央视财经报道，去年年初，美国加州法院批准了苹果就Siri“非法且有意录制对话”集体诉讼达成的和解协议，相关赔偿款项正于近期陆续发放。
103,第103条：【上期所：发现3组18名客户在锡、白银期货品种交易中涉嫌未申报实际控制关系 对相关客户采取限制开仓、限制出金监管措施】上期所发布公告，上海期货交易所发现3组18名客户在锡、白银期货品种交易中涉嫌未申报实际控制关系，根据相关规定，决定对上述客户在锡、白银期货品种上采取限制开仓1个月以及限制出金的监管措施。
104,第104条：现货黄金日内涨1.84%，重新站上5100美元/盎司。
105,第105条：现货白银短线拉升，现涨近9%，报112.98美元/盎司。
106,第106条：【天溯计量：公司暂未和蓝箭航天有订单合作业务】天溯计量（301449.SZ）1月27日在投资者互动平台表示，经核实，公司暂未和蓝箭航天有订单合作业务。
107,第107条：【摩根士丹利：看涨情景下 下半年黄金目标价为5700美元/盎司】摩根士丹利发布报告称，黄金价格已突破该行此前对下半年4750美元/盎司的预测，但其认为金价尚未见顶，地缘政治风险、央行策略转变以及ETF买盘共同对金价构成支撑。摩根士丹利称，看涨情景下，下半年黄金目标价为5700美元/盎司。
108,第108条：【中金黄金：2025年净利同比预增41.76%-59.48%】中金黄金(600489.SH)公告称，预计2025年年度实现归属于母公司所有者的净利润48亿元到54亿元，与上年同期相比，同比增加41.76%-59.48%。
109,第109条：【商务部新闻发言人就中英经贸合作情况答记者问】据了解，届时斯塔默首相将率50余家英国大企业高管和机构代表随访，涵盖金融、医药、制造业、文化、创意等英优势领域，充分体现了英方对深化双边经贸关系的热切期待。中方高度重视对英经贸合作，正与英方积极筹备此访的经贸成果，以及2026中英企业家委员会会议。中英企业积极踊跃参会，目前已有100余家企业代表报名参加。访问期间，商务部拟与英方签署贸易投资合作方面成果文件，力争打造中英经贸合作的新增长点。
110,第110条：【市场监管总局：加强经营者集中审查 全年审结相关领域案件129起】市场监管总局在今天上午召开的2025年综合整治“内卷式”竞争十大重大案件发布会上介绍，2025年共审结相关领域案件129起，所涉案件包括促进技术协同、实现优势互补，优化产能布局、整合区域资源，盘活闲置产能、促进转型升级等多种类型。
111,第111条：【汽车行业利润率降至历史最低】乘联分会秘书长崔东树最新披露的数据显示，2025年1~12月行业销售利润率降至4.1%，创下历史新低。其中12月1.8%的利润率也创下近期低点，环比下降2.6个百分点，同比下降2.3个百分点。
112,第112条：【国科微发出涨价函 1月起部分产品涨价80%】记者从产业链获悉，国科微已对客户发出涨价函，宣布自1月起对合封512Mb的KGD（已知合格芯片）产品涨价40%，对合封1Gb的KGD产品涨价60%，对合封2Gb的KGD涨价80%，对外挂DDR的产品价格另行通知。
113,第113条：【最后两只旅日大熊猫今天回国 外交部：欢迎日本民众来中国看大熊猫】郭嘉昆表示，我们已经多次就此作出回应，根据中日之间的有关协议，旅居日本的大熊猫“晓晓”和“蕾蕾”已于今日启程返回中国，我们一如既往欢迎日本民众来中国看大熊猫。
114,第114条：【瑞·达利欧：明州移民冲突或加速美国衰落】桥水基金创始人瑞·达利欧周一指出，美国明尼苏达州的美国公民被杀事件，标志着美国正进入一个更加暴力的阶段。达利欧称，美国现在就像是一个火药桶。无论特朗普在明尼苏达州枪击案后采取何种行动，美国目前都已处于高度紧张状态。
115,第115条：【江西：“十四五”时期新增上市公司48家】江西省十四届人大四次会议1月27日在南昌开幕。政府工作报告提到，“十四五”时期，江西全力巩固经济发展量质双升的良好势头，累计净增各类经营主体155万户，总量达474万户，新增上市公司48家，总量达122家。
116,第116条：【韩国料取代日本 成为中国游客春节出境游首选目的地】预订量预测和航班数据显示，韩国有望在即将到来的春节假期超越日本，成为中国游客出境游的首选目的地，这也将是新冠疫情以来的首次。
117,第117条：【2025年我国体育产业总规模突破5万亿元 体育用品市场规模达2.49万亿元】近年来，一股运动消费的热潮正在席卷全国，国产品牌也在快速崛起。随着本土企业加速自主创新，我国体育用品制造业持续壮大。2025年中国体育用品市场规模达2.49万亿元，体育产业总规模达5.12万亿元。
118,第118条：【机构：今年DRAM内存容量需求增长23% 超半数来自数据中心】机构Yole在近期的报告中指出，2026年全球按容量计算的DRAM内存需求将同比增长23%，其中数据中心领域将增长28%，对整体增幅贡献 (13%) 超过半数。
119,第119条：【印度和欧盟达成自贸协定】当地时间1月27日，印欧领导人在新德里举行会晤。印度总理莫迪宣布，印度和欧盟达成自由贸易协定，并表示该协议覆盖全球GDP的25%和全球贸易额的三分之一。
120,第120条：【国债期货收盘多数持平】国债期货收盘多数持平，30年期主力合约跌0.33%，10年期主力合约收平，5年期主力合约收平，2年期主力合约收平。
121,第121条：【2025年南京接待境内外游客突破2亿人次】南京市文旅局发布数据：经江苏省文旅厅审定，2025年南京接待境内外游客20052.8万人次（去重后首次突破2亿人次），同比增长10.6%；实现游客总花费2390.2亿元，同比增长9.3%。游客接待量和游客总花费两项核心指标均位列江苏全省第一。
122,第122条：【阿塞拜疆外长巴伊拉莫夫将访华】外交部发言人宣布：应中共中央政治局委员、外交部长王毅邀请，阿塞拜疆外长巴伊拉莫夫将于1月28日至29日对中国进行正式访问。
123,第123条：【英国首相斯塔默将访华 中方介绍有关安排及期待】中国外交部发言人27日宣布：应中国国务院总理李强邀请，英国首相斯塔默将于1月28日至31日对中国进行正式访问。在当日举行的例行记者会上，中国外交部发言人郭嘉昆应询介绍此访有关安排和中方期待。他指出，2024年8月，习近平主席应约同斯塔默首相通电话，11月在里约热内卢出席二十国集团领导人峰会期间同斯塔默首相会见，引领中英关系走上改善发展轨道。
124,第124条：【上海将适度超前建设一批智算基础设施 加快沪产芯片规模化部署】上海市经济和信息化委员会副主任潘焱表示，上海正积极落实国家战略，实施“人工智能+”行动，引领制造业数智化转型。面向“十五五”，上海将适度超前建设一批智算基础设施，加快沪产芯片规模化部署。
125,第125条：【聚变新能核聚变装置能量转换相关专利获授权】企查查APP显示，近日，聚变新能(安徽)有限公司“一种核聚变装置的多热源联合储能与辅助加热系统及方法”专利获授权。
126,第126条：【印度-欧盟协议：将取消对超过90%欧盟商品的关税】据外媒报道，印度-欧盟协议显示，将取消对超过90%欧盟商品的关税。
127,第127条：【售价超三万的投资银条走红水贝】银价暴涨之下，投资银条走红水贝。记者于深圳水贝零售市场发现，多家柜台上架“投资银条”产品，一块1000g银条价格高达30860元。
128,第128条：【《疾病预防控制领域强基实施方案》印发】《疾病预防控制领域强基实施方案》印发。其中提到，到2027年底，基层疾控工作网络基本健全，功能布局更加合理，基础设施条件持续改善，数智化应用更加广泛，公共卫生服务能力显著提升，构建起现代化疾控体系的基础框架。
129,第129条：【国家能源局：成立能源行业电力安全治理标准化技术委员会等7个标准化技术组织】国家能源局发布通知称，同意成立能源行业电力安全治理标准化技术委员会、能源行业电力温室气体排放管理标准化技术委员会、能源行业二氧化碳捕集运输利用与封存标准化技术委员会、能源行业氢能基础与通用标准化技术委员会、能源行业氢能制取标准化技术委员会、能源行业氢能储存与运输标准化技术委员会、能源行业氢能应用标准化技术委员会。
130,第130条：国内商品期货收盘，主力合约多数下跌。跌幅方面，铂跌超4%，PTA、焦煤跌超3%，焦炭、对二甲苯、瓶片、钯跌超2%，短纤、沪镍、丁二烯胶跌近2%，生猪、乙二醇、燃油、纯苯、胶版纸等跌超1%；涨幅方面，沪银涨超7%，棕榈油涨超2%，沪锡涨近2%，菜油、沪金、碳酸锂、豆油涨超1%。
131,第131条：【收盘播报】沪指涨0.18%，深证成指涨0.09%，创业板指涨0.71%。成交额超2.9万亿，贵金属、半导体、光伏、航天航空、保险板块涨幅居前，煤炭、医药商业、能源金属、电池、中药板块跌幅居前。
132,第132条：【多家民营火箭公司加速推进上市进程，产业趋势明确，航空航天ETF万家午后上涨2.46%】2026年1月27日午后，航天航空板块异动拉升，截至13:48，国证航天航空行业指数(CN5082)强势上涨2.76%，成分股三角防务上涨11.21%，航发动力、航发科技10cm涨停，航发控制，航材股份等个股跟涨。航空航天ETF万家(159208)上涨2.46%。拉长时间看，截至2026年1月26日，航空航天ETF万家近1月累计上涨12.30%，居跟踪同指数标的首位。
133,第133条：【“史上最长春节假期”催热出境游：日本游跌出前十 土耳其热度上涨320%】距离“史上最长春节假期”不足一个月，旅游市场正在升温。充裕假期下，游客们能更灵活地安排出游，9天长假叠加“请5休15”的拼假模式带动出境游热度攀升，但在目的地方面2026年春节则有新变化。
134,第134条：【预告：中国贸促会1月例行新闻发布会将于28日举行】中国贸促会定于1月28日（星期三）上午10:00在中国贸促会礼堂组织召开中国贸促会1月例行新闻发布会。本期内容包括：中国贸促会2026年重点工作、服务外资以及服务中国企业“走出去”工作举措、《2025年中国企业对外投资现状及意向调查报告》、开展调解仲裁工作情况、推动中美工商界经贸合作情况、CEFCO论坛成果等。
135,第135条：【金山云盘中震荡走强 近三个交易日累计涨幅超20%】1月27日，金山云延续前两日走势，股价震荡走强，一度涨超10%。截至13时53分，该股报7.48港元/股，涨8.72%，近三个交易日累计涨幅超20%。
136,第136条：【华中科技大学成立脑机接口研究院】1月25日，华中科技大学脑机接口研究院揭牌成立。研究院由华中科技大学同济医学院附属同济医院牵头，联合附属协和医院、机械学院、人工智能与自动化学院等31个校内单位共同建设。同济医院党委书记唐洲平任研究院院长。
137,第137条：【陕西：2026年地区生产总值预期目标增长5%左右】陕西省第十四届人民代表大会第四次会议在西安开幕，陕西省人民政府省长赵刚向大会作政府工作报告。报告指出，2026年是“十五五”开局之年。经济社会发展的主要预期目标是：生产总值增长5％左右，固定资产投资增速保持在全国平均水平以上，一般公共预算收入增长3％，居民收入增速高于经济增速、高于全国平均水平，城镇新增就业40万人以上，城镇调查失业率5.5％左右，居民消费价格涨幅2％左右。
138,第138条：【陕西：2025年地区生产总值增长5.1%】陕西省第十四届人民代表大会第四次会议在西安开幕，陕西省人民政府省长赵刚向大会作政府工作报告。报告指出，2025年是“十四五”收官之年。陕西深化开展“三个年”活动，聚力打好“八场硬仗”，多措并举稳就业、稳企业、稳市场、稳预期，地区生产总值增长5.1%，城镇新增就业44.1万人，居民人均可支配收入增长5.6%，粮食产量1347万吨，单位生产总值能耗累计降幅完成“十四五”任务。
139,第139条：【算力赋能经济共创体系在沪发布】在2026“智算申城”高峰论坛上，算力赋能经济共创体系正式发布，中国信息通信研究院、中国通信服务上海公司、上海联通、上海电信、上海移动、云赛智联、上海市信息投资股份有限公司等参与发布仪式。
140,第140条：【“北斗芯片协同创新实验室”落户江苏常州】1月26日，江苏省北斗芯片与终端企业对接峰会暨常州市“百场千企”产业链融链强链对接活动在常州举行。会上，毫厘智能联合浙江大学集成电路学院、常州大学王诤微电子学院、工业和信息化部电子第五研究所华东分所三方签署了产学研合作协议，成立“北斗芯片协同创新实验室”。该实验室将围绕北斗芯片关键技术，持续推进联合研发、工程化验证、测试评价与成果转化。
141,第141条：【海螺集团董事长杨军拜会任正非】1月27日，据海螺集团消息，2026年1月26日下午，海螺集团党委书记、董事长杨军一行到华为公司调研交流，与华为公司董事、CEO任正非就建材行业AI大模型、行业未来发展及国际化等话题进行了交流。
142,第142条：【太空算力网络预计2035年前完成组网！航空航天ETF天弘标的指数午后直线拉升涨超2%，机构：商业航天政策进入实质落地阶段】盘面上，两市探底回升，午后航空航天概念直线拉升。相关ETF方面，航空航天ETF天弘（159241）标的指数盘中涨2.41%，成交额达8151.08万元。成份股中，三角防务涨超13%，航材股份，雷电微力，航天发展等多股跟涨。
143,第143条：【桥水联席CIO：AI支出狂潮可能重塑经济 同时也需警惕泡沫风险】桥水基金联席首席投资官周一（1月26日）在给客户的一份报告中写道，大型企业对人工智能的投入将继续呈指数级增长，这将重塑经济格局。这份报告指出，“简单的博弈论计算表明，这些公司无法接受落后竞争对手哪怕几个月的发展进度，因此当一家公司决定在人工智能资本支出方面更积极地投入时，就会迫使其他公司效仿。”他们提醒道，这种动态可能会加大风险，并造成类似泡沫的状况。
144,第144条：【微软发布新一代AI加速器Maia 200，科创芯片设计ETF天弘上市两日净流入额超3600万元】1月27日，三大指数涨跌不一。上证科创板芯片设计主题指数(950162.SH)上涨1.97%，该指数成分股中，东芯股份涨停，普冉股份上涨超14%，概伦电子与中微半导上涨超7%，力芯微上涨超6%。
145,第145条：港股AI应用概念股持续拉升，MINIMAX-WP涨超20%，金山云涨近10%，智谱、阿里巴巴-W跟涨。
146,第146条：【2026“苏超”冠名商为江苏银行和苏豪控股集团】财联社记者从2026江苏省城市足球联赛（“苏超”）商务合作发布会上获悉，新赛季“苏超”的冠名赞助商为江苏银行和苏豪控股集团。据了解，苏豪控股集团旗下拥有5家A股上市公司，分别为苏豪弘业、苏豪时尚、苏豪汇鸿、弘业期货和通用股份。此外，本届“苏超”赞助商还包括海澜之家、国药太极、共创草坪、龙蟠科技等。与此同时，发布会还将发布小微企业商务合作遴选方案。
147,第147条：【本周末美国联邦政府又要关门？】时隔2个多月，美国联邦政府恐再度面临“停摆”危机。当地时间1月26日，美国国会参议院多名民主党参议员表示，在明尼阿波利斯地区两度爆发联邦执法人员枪击当地居民的事件后，他们将投票反对一项包含给美国国土安全部拨款的法案，这让美国联邦政府的运作在1月底再度告急。
148,第148条：【彪马股价在TRADEGATE平台涨近20%】彪马股价在TRADEGATE平台较昨日收盘涨近20%。此前报道称安踏体育拟以15亿欧元收购彪马公司29.06%股权。
149,第149条：【又来？特朗普威胁对韩国加征关税 真实目的是？】上海市朝鲜半岛研究会副会长、上海对外经贸大学朝鲜半岛研究中心主任詹德斌告诉第一财经记者，韩美贸易协议在今年的落实情况值得观望，一方面在承诺加码投资美国市场的同时，韩国企业如何平衡国内市场，是个很棘手的挑战；另一方面特朗普是否会以其他理由对韩国再度祭出关税牌。
150,第150条：【恺英网络旗下《新射雕之华山论剑》取得游戏版号】据恺英网络消息，1月26日，国家新闻出版署官方公示了2026年1月游戏版号审批信息，共有177款国产网络游戏与5款进口网络游戏版号获批。恺英网络旗下上海恺英网络科技有限公司出版，杭州恺辰网络科技有限公司运营的《新射雕之华山论剑》顺利取得版号。
151,第151条：【内塔尼亚胡：加沙停火下一阶段重点是解除哈马斯武装】据《以色列时报》报道，随着最后一具被扣押人员遗体返回以色列，以总理内塔尼亚胡26日表示，加沙停火面临的下一个挑战将是解除巴勒斯坦伊斯兰抵抗运动(哈马斯)的武装。
152,第152条：【日韩股市集体收涨 韩国综指涨2.73%】日经225指数收涨0.85%，报53333.54点；韩国KOSPI指数收涨2.73%，报5084.85点。
153,第153条：【我国竹产业年产值超5200亿元】记者27日从国家林草局获悉，近年来我国竹产业规模持续壮大，初步形成品类齐全、业态丰富、特色明显的竹产业体系，主要竹产品实现生产效益与附加值双提升。截至目前，竹产品种类突破1.5万种，竹产业年产值超5200亿元。
154,第154条：【掉在地上的面包捡起来继续售卖？好利来致歉】好利来食品卫生安全再次受到质疑。近日，有消费者反映称，在好利来一家门店看到店员将掉在地上的面包捡起来继续售卖。此事在社交平台引发较大关注。1月27日，好利来官方小程序客服对界面新闻回复称，经过自查，本批次产品当时门店现场已全部销毁。客服表示，对于此次问题的出现，深感抱歉与自责，将加强培训，坚决杜绝此类问题再次发生。
155,第155条：【葛卫东出手！现身麦格米特定增申购名单】麦格米特近日发布的定增公告显示，不仅很多大型公募机构和外资积极参与此次定增的申购报价，葛卫东也现身申购名单，申购总金额高达24亿元。值得注意的是，公开资料显示，麦格米特为英伟达概念股，截至2025年末，葛卫东亲属葛贵莲就持有麦格米特市值超5亿元，足见其对AI领域的高度关注。多位头部私募人士表示，伴随着AI相关技术加速发展，科技仍将是2026年A股重要的投资主线之一，由AI驱动的投资主题有望延续。
156,第156条：【印度暴发尼帕病毒疫情 会波及我国吗？】“远离果蝠的生活区域，不要生食果汁。”河北邯郸市人民医院院长李侗曾提醒公众，如果去印度或其他东南亚地区旅游，要有意识地远离果蝠出现区域、养殖场、屠宰场等。吃水果一定要洗干净，喝加工果汁要加热后食用。3周内去过上述地区且出现症状要及时就医，主动报告行程。
157,第157条：【德国军工巨头要为德军打造本土版“星链”】德国最大军工企业莱茵金属公司和德国卫星制造商不来梅轨道高科技公司有意联合竞标，为德国联邦国防军提供类似美国“星链”的卫星互联网服务。三名知情人士26日向英国《金融时报》披露上述消息。据报道，这项合同的金额可能达数十亿欧元，旨在为德军在近地轨道打造安全的军用级卫星通信网络，成为德军版“星链”。
158,第158条：【中国电信联合上海交大破解KAZ抗量子算法】据人民邮电报消息，近期，中国电信PQC研究团队与上海交通大学郁昱教授团队联合攻关，成功揭示了KAZ系列算法套件在结构层面存在根本性安全缺陷，并证明其无法满足密码算法标准化的安全性要求。相关研究成果以论文形式，发布于国际密码学会预印本平台，为抗量子密码算法安全评估提供了实践参考，充分展现了团队在该领域的技术积淀与创新突破。
159,第159条：【黄河旋风涨停 热沉片将于2026年2月投入量产】1月27日，黄河旋风涨停，报7.16元/股，涨幅9.98%。据河南省科学技术厅官网1月22日消息，黄河旋风接受采访表示，公司从热沉片上切割出所需要的形状，以某种方式贴合在芯片上，做成顶级散热器，将大大促进高功率器件、5G6G通讯、AI算力性能的提升。如今，制约产业化的尺寸瓶颈已被突破，黄河旋风成功研制出国内可量产的最大8英寸热沉片。
160,第160条：沪深两市成交额突破2.5万亿元，较上日此时缩量超3300亿元。
161,第161条：【阿里平头哥筹备上市背后：加速“从内向外” 但可能没那么快】近日，有市场消息称，阿里巴巴集团正在筹划将旗下芯片设计业务单位平头哥半导体进行重组，转设为部分由员工持股的独立实体，并在此基础上考虑启动首次公开募股（IPO）。该计划尚处于初步准备阶段，具体时间表尚未确定，截至发稿，阿里方面也未对界面新闻作出官方回应。
162,第162条：【10分钟股价涨超10%！多家上市公司称已具备尼帕病毒检测能力】1月27日，博晖创新（300318.SZ）盘中突然拉升翻红，10分钟涨超10%，截至13:30，涨8.34%，报7.79元/股。消息面上，博晖创新当日发文称，公司已自主研发了尼帕病毒核酸检测试剂盒。记者以投资者身份致电博晖创新，公司接线人员表示，暂未披露过尼帕病毒核酸检测试剂盒的研发周期、产能以及订单情况。
163,第163条：【小鹏汽车顾宏地：预计今年公司将实现“非常强劲”的增长】据报道，小鹏汽车副董事长兼联席总裁顾宏地在接受媒体采访时表示，预计小鹏今年将实现“非常强劲”的增长。顾宏地称，海外市场的销售增长速度可能会超过国内。他拒绝就小鹏飞行汽车业务今年将在香港上市的传闻置评，但表示对低空经济“非常兴奋”。
164,第164条：【汇绿生态涨停 旗下公司光模块业务发展良好】1月27日，汇绿生态涨停，报28.09元/股，涨幅为9.98%。2026年1月12日，汇绿生态表示，公司旗下武汉钧恒专注于光模块行业已有10余年，拥有硅光模块通用光路技术、硅光芯片及其光引擎技术、硅光耦合自检测闭环控制方案技术、光相重合双透镜同步自动耦合技术等多种核心技术，依靠自主创新持续推动产品迭代升级。
165,第165条：【美军航母已抵中东 特朗普：打不打还没定】美国媒体26日报道，美国海军“亚伯拉罕·林肯”号航空母舰打击群已进入中东水域。美国总统特朗普当天称，伊朗局势仍“处于变化之中”，他已派遣一支比美军在委内瑞拉周边海域规模更大的舰队到中东地区，同时称伊朗确实希望达成协议。
166,第166条：【跨本体视触觉多模态数据集发布 包含超6万分钟机器人感知数据】1月26日，国家地方共建人形机器人创新中心联合相关研究团队发布“白虎-VTouch”跨本体视触觉多模态数据集。该数据集包含超过60000分钟的机器人交互数据，涵盖视觉、触觉、关节位姿等多模态信息，是目前规模最大的同类开源数据集之一。
167,第167条：【三星电子中国研究院：调研脑机海河实验室 计划投入脑机接口领域研究并进行技术储备】近日，三星电子中国研究院院长沈志春、韩国三星研究院驻在员/总监李相斌带队赴脑机交互与人机共融海河实验室开展调研。沈志春表示，三星电子中国研究院积极响应国家导向，计划投入脑机接口领域研究并进行技术储备，对脑机接口技术产业化前景抱有充分信心，他期待未来与实验室持续深化沟通协作。
168,第168条：SK海力士股价涨幅扩大至8.4%。
169,第169条：云计算概念拉升，宏景科技20cm涨停，开普云、协创数据、云赛智联、奥飞数据等跟涨。
170,第170条：【DeepSeek发布DeepSeek-OCR 2模型】DeepSeek团队发布《DeepSeek-OCR 2: Visual Causal Flow》论文，并开源DeepSeek-OCR 2模型，采用创新的DeepEncoder V2方法，让AI能够根据图像的含义动态重排图像的各个部分，更接近人类的视觉编码逻辑。
171,第171条：【安科生物：参股公司维昇药业长效生长激素维臻高在中国获批上市】据安科生物消息，1月26日，安科生物参股公司维昇药业宣布，其核心产品——进口长效生长激素维臻高（注射用隆培生长激素）正式获得中国国家药品监督管理局（NMPA）批准上市，用于治疗儿童生长激素缺乏症（PGHD）。
172,第172条：【全国9地取消固定分时电价】进入2026年，国内电力行业迎来一场意义深远的市场化变革，“取消固定分时电价”成为行业热点话题，多地密集出台政策，对直接参与电力市场交易用户的固定分时电价机制作出调整。记者梳理官方文件发现，截至目前全国已有11个省市发布相关通知，提及对入市用户不再执行政府核定的固定分时电价，其中9地已明确落地取消政策，江苏、山西两省的调整方案仍处于征求意见阶段。
173,第173条：半导体板块进一步走强，华虹公司、盛科通信-U盘中创新高，华天科技午后涨停，恒烁股份、国民技术涨幅居前。
174,第174条：【月之暗面推出Kimi K2.5模型 全面升级多模态能力】1月27日，国内人工智能初创公司月之暗面Kimi正式发布了新一代开源模型 Kimi K2.5 。据介绍，作为Kimi目前最智能的模型，K2.5 在HLE（人类最后的考试）、BrowseComp、 DeepSearchQA等多项agent评测中均取得全球开源模型的最佳成绩 。
175,第175条：【“如果生成内容有误，我将赔偿您10万元” 全国首例因“AI幻觉”引发的侵权案宣判】当你遇到问题向AI求助时，是否有过这样的经历：它迅速给出看似专业而合理的解答，可其中的事实、数据、结论却可能经不起推敲，要么信息错位，要么无中生有。当AI一本正经地“胡说八道”，这是“AI幻觉”的典型表现。一位高考生的哥哥梁某在查询高校信息时，就遭遇了这种“AI幻觉”，AI平台在生成错误信息后，还底气十足地表示内容有误将赔偿10万元。
176,第176条：【海南：2026年地区生产总值预期增长6%左右】海南省第七届人民代表大会第五次会议正式召开。海南省省长刘小明在作政府工作报告时表示，海南今年经济社会发展的主要预期目标是地区生产总值增长6%左右，固定资产投资增长7%左右，社会消费品零售总额增长6%左右，城镇调查失业率控制在5.5%左右，居民消费价格增长2%左右，居民收入增长和经济增长同步，生态环境质量保持优良，碳排放双控完成国家下达的目标任务。
177,第177条：【奥比中光：与蚂蚁集团旗下蚂蚁灵波达成战略合作意向】1月27日，蚂蚁集团旗下蚂蚁灵波科技发布其首个开源的空间感知模型LingBot-Depth，并宣布与奥比中光达成战略合作意向。作为机器人及AI视觉科技公司，奥比中光在LingBot-Depth模型的研发与测试阶段提供了关键硬件支持，LingBot-Depth模型已通过奥比中光深度视觉实验室认证。未来，双方将持续展开技术协同，共同推动空间智能从算法创新走向真实场景落地。
178,第178条：创业板指涨幅扩大至1%，早盘一度跌超1%，上证指数涨0.29%，深证成指涨0.1%。
179,第179条：【落袋为安？超1000亿“跑了”】1月26日，沪指全天横盘震荡，贵金属板块逆市大涨，医药股集体走强，商业航天概念股调整。在市场“降温”背景下，昨日股票ETF市场延续净流出态势，沪深300ETF净流出近700亿元，上证50ETF、中证500ETF、中证1000ETF等龙头产品也有百亿元体量资金净流出。
180,第180条：【PIMCO：全球债券收益未来5~10年有望超过股票 日本国债变得“更有趣”】近日，品浩（PIMCO）集团投资总监兼董事总经理艾达信（Daniel Ivascyn）在2026年市场展望媒体见面会上表示，目前债券的定价和股票相比，已具有绝对吸引力。同时，债券投资者不应仅投资美国或本土债市，而需要进行全球投资的多元分散，才能实现回报的最大化，并减缓风险。他告诉第一财经记者，日本国债市场正变得越来越“有趣”。
181,第181条：【Kimi智能助手上线K2.5版本】Kimi智能助手K2.5版本正式上线。此次更新采用静默推送方式，用户在官网聊天界面中原本的K2模型已自动切换为K2.5版本，无需手动操作。
182,第182条：科创50指数涨幅扩大至1%，盛科通信、君实生物、芯联集成领涨成分股。
183,第183条：【久之洋：子公司项目入选国家级应急装备孵化名录】据久之洋消息，2025年12月31日，应急管理部、工业和信息化部、国务院国资委联合发布《关于公布2025年度应急管理装备孵化入选项目的通知》，久之洋公司子公司——中船泓洋科技（武汉）有限责任公司申报的“气体泄露扩散实时定量监测红外光谱仪方案”成功入选。
184,第184条：印度总理莫迪表示，昨天欧盟与印度签署了一项重大协议。
185,第185条：国债期货走弱，30年期主力合约盘中跌0.20%，现报112.230元。10年期跌0.03%，现报108.145元。5年期跌0.02%，现报105.815元。2年期跌0.01%，现报102.382元。
186,第186条：【八部门：到2030年力争打造100家左右综合物流集成商】国家金融监督管理总局等八部门联合印发《加快培育交通物流领军企业提升产业链供应链服务保障能力行动方案》。其中提到，到2030年，力争打造100家左右综合物流集成商，其中具有全球辐射力和国际竞争力的交通物流领军企业10家以上，带动交通物流运行质效和安全韧性水平明显提升。
187,第187条：【文心APP进一步扩大群聊功能内测 行业首次支持“多人、多Agent”互动】百度旗下文心APP推出的行业首个“多人、多Agent”群聊功能开启新一轮内测。据悉，该功能支持在同一群聊中调动多个AI角色，包括“群聊助手”“私人助手”“健康管家”等垂类智能体。同时，群聊中的AI助手能理解上下文并根据讨论氛围判断时机，无需用户提及即可主动介入对话。
188,第188条：【频频“出手”一级市场 中国人寿超百亿投资养老与科创】近日，中国人寿保险股份有限公司（601628.SH）公告显示，拟投资设立一只养老产业基金、一只科创基金，认缴出资额合计约125亿元。对于此次大手笔布局，中国人寿相关负责人对记者表示，一切以公司公告为准。
189,第189条：大飞机板块持续拉升，航发科技涨停，图南股份涨超10%，航发控制、航亚科技、航发动力、国机精工、飞沃科技跟涨。
190,第190条：【伊朗：与美国以“非正式”方式互通消息】据彭博新闻社1月26日报道，半官方的伊朗学生通讯社报道称，伊朗外长阿巴斯·阿拉格齐与美国特使史蒂文·威特科夫正以“非正式”方式互通消息。据报道，伊朗常驻联合国日内瓦办事处代表阿里·巴赫雷尼表示，双方确有接触，但“目前尚无固定的沟通渠道”，并补充称“这几乎算不上是谈判”。
191,第191条：【首个星际航行学院成立：面向海外引才，单项科研经费最高1亿元】1月27日，中国科学院大学星际航行学院揭牌仪式在中国科学院与“两弹一星”纪念馆举行，标志该学院正式成立。学院以航空宇航科学与技术为核心学科，重点发展飞行器设计、推进与动力、飞行器智能控制等关键方向，下设4个系，研究领域包括空间科学，空气动力学与推进，结构与材料力学，自主系统与控制等。
192,第192条：沪深两市成交额连续第21个交易日突破2万亿，较上一日此时缩量超3600亿。
193,第193条：【荷兰发现奶牛感染禽流感 或为美国以外首例】荷兰农业部门在日前致该国议会的一封信中说，检测到一头奶牛产的奶中含有H5N1型禽流感病毒的抗体，显示该奶牛感染过禽流感。德国动物卫生研究机构弗里德里希·洛夫勒研究所26日说，依据其掌握的信息，这是首次在美国以外地区发现奶牛感染禽流感。
194,第194条：【国家邮政局：要保障快递员春运期间休息休假等合法权利】近日，国家邮政局印发《2026年春运期间寄递服务保障工作方案》，《工作方案》明确，要保障快递员春运期间休息休假等合法权利，按时支付从业人员工资，健全快递员诉求反映机制，切实保障快递员合法权益。邮政企业、快递企业要根据业务量变化和快递员个人意愿，实行错峰放假和调休。
195,第195条：【半导体板块反转拉升，半导体设备ETF万家盘中涨超2%，连续15天净流入】2026年1月27日早盘，半导体板块反转拉升，截至11:08，中证半导体材料设备主题指数(931743)强势上涨2.39%，成分股芯源微上涨14.04%，金海通、康强电子10cm涨停，立昂微，富创精密等个股跟涨。半导体设备ETF万家(159327)上涨2.03%。
196,第196条：【“天量”存款到期 保险机构接“泼天富贵”：销售“出乎意料好” 八成新单指向分红险】2026年保险业开门红正在冲刺，据财联社记者了解，分红险占据今年各家保险机构销售的C位。“今年新开保单的八成是分红险。”多位保险代理人对财联社记者表示，今年开门红业绩出乎意料地好，侧面反映出客户对分红险及长期稳定收益率财富管理产品的巨大需求。
197,第197条：太空光伏概念持续回升，拉普拉斯、中来股份涨超10%，宇晶股份、赛伍技术触及涨停，此前拓日新能3连板，连城数控、帝科股份、迈为股份、金辰股份跟涨。
198,第198条：【TikTok美国数据安全合资公司通报系统故障：数据中心断电导致 正努力修复】当地时间1月26日，TikTok美国数据安全合资有限责任公司（简称TikTok USDS合资公司）在社交媒体平台X发布声明称，正努力解决由美国数据中心合作伙伴站点断电引发的重大基础设施问题，“虽然网络已恢复，但断电导致一系列系统故障，我们正与数据中心合作伙伴共同努力解决这些问题”。
199,第199条：【多重因素叠加共振 棉花价格大涨】最近，国内棉花期货价格明显走高。从去年11月初到现在，郑棉主力合约每吨涨了接近1100元，涨幅超过7%。今年1月初，价格一度冲到每吨15000元，创下近一年半来的新高。期货涨，现货也跟着涨，全国棉花平均现货价每吨涨了1000元左右，涨幅接近7%。业内人士认为，本轮棉花期货上涨，是供需、成本和市场预期等多重因素叠加共振的结果。
